CONCEPT_ID_1	CONCEPT_ID_2	RELATIONSHIP_ID	CONCEPT_NAME	DOMAIN_ID	VOCABULARY_ID	CONCEPT_CLASS_ID	STANDARD_CONCEPT	CONCEPT_CODE	PREFIX	CONCEPT_PATH	CONCEPT_CD	NAME_CHAR	CONCEPT_BLOB	UPDATE_DATE	DOWNLOAD_DATE	IMPORT_DATE	SOURCESYSTEM_CD	UPLOAD_ID
443767	1567910	Mapped from	Diabetes mellitus due to underlying condition with ophthalmic complications	Condition	ICD10CM	4-char nonbill code		E08.3	ICD10CM:	\ACT\Diagnosis\ICD10\V2_2018AA\A20098492\A18921516\A18916268\A17850773\A17838018\	ICD10CM:E08.3	E08.3 Diabetes Mellitus Due To Underlying Condition With Ophthalmic Complications		24-MAY-21	24-MAY-21	24-MAY-21	ACT	20210401
443767	45552374	Mapped from	Diabetes mellitus due to underlying condition with other diabetic ophthalmic complication	Condition	ICD10CM	5-char billing code		E08.39	ICD10CM:	\ACT\Diagnosis\ICD10\V2_2018AA\A20098492\A18921516\A18916268\A17850773\A17838018\A17774051\	ICD10CM:E08.39	E08.39 Diabetes Mellitus Due To Underlying Condition With Other Diabetic Ophthalmic Complication		24-MAY-21	24-MAY-21	24-MAY-21	ACT	20210401
443767	1567927	Mapped from	Drug or chemical induced diabetes mellitus with ophthalmic complications	Condition	ICD10CM	4-char nonbill code		E09.3	ICD10CM:	\ACT\Diagnosis\ICD10\V2_2018AA\A20098492\A18921516\A18916268\A17863430\A17774061\	ICD10CM:E09.3	E09.3 Drug Or Chemical Induced Diabetes Mellitus With Ophthalmic Complications		24-MAY-21	24-MAY-21	24-MAY-21	ACT	20210401
443767	45561946	Mapped from	Drug or chemical induced diabetes mellitus with other diabetic ophthalmic complication	Condition	ICD10CM	5-char billing code		E09.39	ICD10CM:	\ACT\Diagnosis\ICD10\V2_2018AA\A20098492\A18921516\A18916268\A17863430\A17774061\A17812459\	ICD10CM:E09.39	E09.39 Drug Or Chemical Induced Diabetes Mellitus With Other Diabetic Ophthalmic Complication		24-MAY-21	24-MAY-21	24-MAY-21	ACT	20210401
201826	1567956	Mapped from	Type 2 diabetes mellitus	Condition	ICD10CM	3-char nonbill code		E11	ICD10CM:	\ACT\Diagnosis\ICD10\V2_2018AA\A20098492\A18921516\A18916268\A17825389\	ICD10CM:E11	E11 Type 2 Diabetes Mellitus		24-MAY-21	24-MAY-21	24-MAY-21	ACT	20210401
201826	1567957	Mapped from	Type 2 diabetes mellitus with hyperosmolarity	Condition	ICD10CM	4-char nonbill code		E11.0	ICD10CM:	\ACT\Diagnosis\ICD10\V2_2018AA\A20098492\A18921516\A18916268\A17825389\A17799611\	ICD10CM:E11.0	E11.0 Type 2 Diabetes Mellitus With Hyperosmolarity		24-MAY-21	24-MAY-21	24-MAY-21	ACT	20210401
201826	45542738	Mapped from	Type 2 diabetes mellitus with hyperosmolarity without nonketotic hyperglycemic-hyperosmolar coma (NKHHC)	Condition	ICD10CM	5-char billing code		E11.00	ICD10CM:	\ACT\Diagnosis\ICD10\V2_2018AA\A20098492\A18921516\A18916268\A17825389\A17799611\A17838044\	ICD10CM:E11.00	E11.00 Type 2 Diabetes Mellitus With Hyperosmolarity Without Nonketotic Hyperglycemic-Hyperosmolar Coma (Nkhhc)		24-MAY-21	24-MAY-21	24-MAY-21	ACT	20210401
201530	45586139	Mapped from	Type 2 diabetes mellitus with hyperosmolarity with coma	Condition	ICD10CM	5-char billing code		E11.01	ICD10CM:	\ACT\Diagnosis\ICD10\V2_2018AA\A20098492\A18921516\A18916268\A17825389\A17799611\A17863449\	ICD10CM:E11.01	E11.01 Type 2 Diabetes Mellitus With Hyperosmolarity With Coma		24-MAY-21	24-MAY-21	24-MAY-21	ACT	20210401
201826	1326491	Mapped from	Type 2 diabetes mellitus with ketoacidosis	Condition	ICD10CM	4-char nonbill code		E11.1	ICD10CM:	\ACT\Diagnosis\ICD10\V2_2018AA\A20098492\A18921516\A18916268\A17825389\A28399193\	ICD10CM:E11.1	E11.1 Type 2 Diabetes Mellitus With Ketoacidosis		24-MAY-21	24-MAY-21	24-MAY-21	ACT	20210401
201826	1326492	Mapped from	Type 2 diabetes mellitus with ketoacidosis without coma	Condition	ICD10CM	5-char billing code		E11.10	ICD10CM:	\ACT\Diagnosis\ICD10\V2_2018AA\A20098492\A18921516\A18916268\A17825389\A28399193\A28398378\	ICD10CM:E11.10	E11.10 Type 2 Diabetes Mellitus With Ketoacidosis Without Coma		24-MAY-21	24-MAY-21	24-MAY-21	ACT	20210401
443731	1567958	Mapped from	Type 2 diabetes mellitus with kidney complications	Condition	ICD10CM	4-char nonbill code		E11.2	ICD10CM:	\ACT\Diagnosis\ICD10\V2_2018AA\A20098492\A18921516\A18916268\A17825389\A17799612\	ICD10CM:E11.2	E11.2 Type 2 Diabetes Mellitus With Kidney Complications		24-MAY-21	24-MAY-21	24-MAY-21	ACT	20210401
443731	45591027	Mapped from	Type 2 diabetes mellitus with diabetic nephropathy	Condition	ICD10CM	5-char billing code		E11.21	ICD10CM:	\ACT\Diagnosis\ICD10\V2_2018AA\A20098492\A18921516\A18916268\A17825389\A17799612\A17774079\	ICD10CM:E11.21	E11.21 Type 2 Diabetes Mellitus With Diabetic Nephropathy		24-MAY-21	24-MAY-21	24-MAY-21	ACT	20210401
201826	45595797	Mapped from	Type 2 diabetes mellitus with diabetic chronic kidney disease	Condition	ICD10CM	5-char billing code		E11.22	ICD10CM:	\ACT\Diagnosis\ICD10\V2_2018AA\A20098492\A18921516\A18916268\A17825389\A17799612\A17774080\	ICD10CM:E11.22	E11.22 Type 2 Diabetes Mellitus With Diabetic Chronic Kidney Disease		24-MAY-21	24-MAY-21	24-MAY-21	ACT	20210401
43531578	45595797	Mapped from	Type 2 diabetes mellitus with diabetic chronic kidney disease	Condition	ICD10CM	5-char billing code		E11.22	ICD10CM:	\ACT\Diagnosis\ICD10\V2_2018AA\A20098492\A18921516\A18916268\A17825389\A17799612\A17774080\	ICD10CM:E11.22	E11.22 Type 2 Diabetes Mellitus With Diabetic Chronic Kidney Disease		24-MAY-21	24-MAY-21	24-MAY-21	ACT	20210401
443731	45605401	Mapped from	Type 2 diabetes mellitus with other diabetic kidney complication	Condition	ICD10CM	5-char billing code		E11.29	ICD10CM:	\ACT\Diagnosis\ICD10\V2_2018AA\A20098492\A18921516\A18916268\A17825389\A17799612\A17838045\	ICD10CM:E11.29	E11.29 Type 2 Diabetes Mellitus With Other Diabetic Kidney Complication		24-MAY-21	24-MAY-21	24-MAY-21	ACT	20210401
443733	1567959	Mapped from	Type 2 diabetes mellitus with ophthalmic complications	Condition	ICD10CM	4-char nonbill code		E11.3	ICD10CM:	\ACT\Diagnosis\ICD10\V2_2018AA\A20098492\A18921516\A18916268\A17825389\A17838046\	ICD10CM:E11.3	E11.3 Type 2 Diabetes Mellitus With Ophthalmic Complications		24-MAY-21	24-MAY-21	24-MAY-21	ACT	20210401
443733	1567960	Mapped from	Type 2 diabetes mellitus with unspecified diabetic retinopathy	Condition	ICD10CM	5-char nonbill code		E11.31	ICD10CM:	\ACT\Diagnosis\ICD10\V2_2018AA\A20098492\A18921516\A18916268\A17825389\A17838046\A17838047\	ICD10CM:E11.31	E11.31 Type 2 Diabetes Mellitus With Unspecified Diabetic Retinopathy		24-MAY-21	24-MAY-21	24-MAY-21	ACT	20210401
45770830	45581352	Mapped from	Type 2 diabetes mellitus with unspecified diabetic retinopathy with macular edema	Condition	ICD10CM	6-char billing code		E11.311	ICD10CM:	\ACT\Diagnosis\ICD10\V2_2018AA\A20098492\A18921516\A18916268\A17825389\A17838046\A17838047\A17863450\	ICD10CM:E11.311	E11.311 Type 2 Diabetes Mellitus With Unspecified Diabetic Retinopathy With Macular Edema		24-MAY-21	24-MAY-21	24-MAY-21	ACT	20210401
443733	45581353	Mapped from	Type 2 diabetes mellitus with unspecified diabetic retinopathy without macular edema	Condition	ICD10CM	6-char billing code		E11.319	ICD10CM:	\ACT\Diagnosis\ICD10\V2_2018AA\A20098492\A18921516\A18916268\A17825389\A17838046\A17838047\A17799615\	ICD10CM:E11.319	E11.319 Type 2 Diabetes Mellitus With Unspecified Diabetic Retinopathy Without Macular Edema		24-MAY-21	24-MAY-21	24-MAY-21	ACT	20210401
45757435	1567961	Mapped from	Type 2 diabetes mellitus with mild nonproliferative diabetic retinopathy	Condition	ICD10CM	5-char nonbill code		E11.32	ICD10CM:	\ACT\Diagnosis\ICD10\V2_2018AA\A20098492\A18921516\A18916268\A17825389\A17838046\A17812470\	ICD10CM:E11.32	E11.32 Type 2 Diabetes Mellitus With Mild Nonproliferative Diabetic Retinopathy		24-MAY-21	24-MAY-21	24-MAY-21	ACT	20210401
45757435	45552385	Mapped from	Type 2 diabetes mellitus with mild nonproliferative diabetic retinopathy with macular edema	Condition	ICD10CM	6-char nonbill code		E11.321	ICD10CM:	\ACT\Diagnosis\ICD10\V2_2018AA\A20098492\A18921516\A18916268\A17825389\A17838046\A17812470\A27150464\	ICD10CM:E11.321	E11.321 Type 2 Diabetes Mellitus With Mild Nonproliferative Diabetic Retinopathy With Macular Edema		24-MAY-21	24-MAY-21	24-MAY-21	ACT	20210401
45757435	37200198	Mapped from	Type 2 diabetes mellitus with mild nonproliferative diabetic retinopathy with macular edema, right eye	Condition	ICD10CM	7-char billing code		E11.3211	ICD10CM:	\ACT\Diagnosis\ICD10\V2_2018AA\A20098492\A18921516\A18916268\A17825389\A17838046\A17812470\A27150464\A27150860\	ICD10CM:E11.3211	E11.3211 Type 2 Diabetes Mellitus With Mild Nonproliferative Diabetic Retinopathy With Macular Edema, Right Eye		24-MAY-21	24-MAY-21	24-MAY-21	ACT	20210401
45757435	37200199	Mapped from	Type 2 diabetes mellitus with mild nonproliferative diabetic retinopathy with macular edema, left eye	Condition	ICD10CM	7-char billing code		E11.3212	ICD10CM:	\ACT\Diagnosis\ICD10\V2_2018AA\A20098492\A18921516\A18916268\A17825389\A17838046\A17812470\A27150464\A27151591\	ICD10CM:E11.3212	E11.3212 Type 2 Diabetes Mellitus With Mild Nonproliferative Diabetic Retinopathy With Macular Edema, Left Eye		24-MAY-21	24-MAY-21	24-MAY-21	ACT	20210401
45757435	37200200	Mapped from	Type 2 diabetes mellitus with mild nonproliferative diabetic retinopathy with macular edema, bilateral	Condition	ICD10CM	7-char billing code		E11.3213	ICD10CM:	\ACT\Diagnosis\ICD10\V2_2018AA\A20098492\A18921516\A18916268\A17825389\A17838046\A17812470\A27150464\A27152373\	ICD10CM:E11.3213	E11.3213 Type 2 Diabetes Mellitus With Mild Nonproliferative Diabetic Retinopathy With Macular Edema, Bilateral		24-MAY-21	24-MAY-21	24-MAY-21	ACT	20210401
45757435	37200201	Mapped from	Type 2 diabetes mellitus with mild nonproliferative diabetic retinopathy with macular edema, unspecified eye	Condition	ICD10CM	7-char billing code		E11.3219	ICD10CM:	\ACT\Diagnosis\ICD10\V2_2018AA\A20098492\A18921516\A18916268\A17825389\A17838046\A17812470\A27150464\A27150465\	ICD10CM:E11.3219	E11.3219 Type 2 Diabetes Mellitus With Mild Nonproliferative Diabetic Retinopathy With Macular Edema, Unspecified Eye		24-MAY-21	24-MAY-21	24-MAY-21	ACT	20210401
45757435	45581354	Mapped from	Type 2 diabetes mellitus with mild nonproliferative diabetic retinopathy without macular edema	Condition	ICD10CM	6-char nonbill code		E11.329	ICD10CM:	\ACT\Diagnosis\ICD10\V2_2018AA\A20098492\A18921516\A18916268\A17825389\A17838046\A17812470\A27150078\	ICD10CM:E11.329	E11.329 Type 2 Diabetes Mellitus With Mild Nonproliferative Diabetic Retinopathy Without Macular Edema		24-MAY-21	24-MAY-21	24-MAY-21	ACT	20210401
45757435	37200202	Mapped from	Type 2 diabetes mellitus with mild nonproliferative diabetic retinopathy without macular edema, right eye	Condition	ICD10CM	7-char billing code		E11.3291	ICD10CM:	\ACT\Diagnosis\ICD10\V2_2018AA\A20098492\A18921516\A18916268\A17825389\A17838046\A17812470\A27150078\A27155404\	ICD10CM:E11.3291	E11.3291 Type 2 Diabetes Mellitus With Mild Nonproliferative Diabetic Retinopathy Without Macular Edema, Right Eye		24-MAY-21	24-MAY-21	24-MAY-21	ACT	20210401
45757435	37200203	Mapped from	Type 2 diabetes mellitus with mild nonproliferative diabetic retinopathy without macular edema, left eye	Condition	ICD10CM	7-char billing code		E11.3292	ICD10CM:	\ACT\Diagnosis\ICD10\V2_2018AA\A20098492\A18921516\A18916268\A17825389\A17838046\A17812470\A27150078\A27153493\	ICD10CM:E11.3292	E11.3292 Type 2 Diabetes Mellitus With Mild Nonproliferative Diabetic Retinopathy Without Macular Edema, Left Eye		24-MAY-21	24-MAY-21	24-MAY-21	ACT	20210401
45757435	37200204	Mapped from	Type 2 diabetes mellitus with mild nonproliferative diabetic retinopathy without macular edema, bilateral	Condition	ICD10CM	7-char billing code		E11.3293	ICD10CM:	\ACT\Diagnosis\ICD10\V2_2018AA\A20098492\A18921516\A18916268\A17825389\A17838046\A17812470\A27150078\A27154633\	ICD10CM:E11.3293	E11.3293 Type 2 Diabetes Mellitus With Mild Nonproliferative Diabetic Retinopathy Without Macular Edema, Bilateral		24-MAY-21	24-MAY-21	24-MAY-21	ACT	20210401
45757435	37200205	Mapped from	Type 2 diabetes mellitus with mild nonproliferative diabetic retinopathy without macular edema, unspecified eye	Condition	ICD10CM	7-char billing code		E11.3299	ICD10CM:	\ACT\Diagnosis\ICD10\V2_2018AA\A20098492\A18921516\A18916268\A17825389\A17838046\A17812470\A27150078\A27153494\	ICD10CM:E11.3299	E11.3299 Type 2 Diabetes Mellitus With Mild Nonproliferative Diabetic Retinopathy Without Macular Edema, Unspecified Eye		24-MAY-21	24-MAY-21	24-MAY-21	ACT	20210401
45770881	1567962	Mapped from	Type 2 diabetes mellitus with moderate nonproliferative diabetic retinopathy	Condition	ICD10CM	5-char nonbill code		E11.33	ICD10CM:	\ACT\Diagnosis\ICD10\V2_2018AA\A20098492\A18921516\A18916268\A17825389\A17838046\A17850801\	ICD10CM:E11.33	E11.33 Type 2 Diabetes Mellitus With Moderate Nonproliferative Diabetic Retinopathy		24-MAY-21	24-MAY-21	24-MAY-21	ACT	20210401
45770881	45537961	Mapped from	Type 2 diabetes mellitus with moderate nonproliferative diabetic retinopathy with macular edema	Condition	ICD10CM	6-char nonbill code		E11.331	ICD10CM:	\ACT\Diagnosis\ICD10\V2_2018AA\A20098492\A18921516\A18916268\A17825389\A17838046\A17850801\A27151982\	ICD10CM:E11.331	E11.331 Type 2 Diabetes Mellitus With Moderate Nonproliferative Diabetic Retinopathy With Macular Edema		24-MAY-21	24-MAY-21	24-MAY-21	ACT	20210401
45770881	37200206	Mapped from	Type 2 diabetes mellitus with moderate nonproliferative diabetic retinopathy with macular edema, right eye	Condition	ICD10CM	7-char billing code		E11.3311	ICD10CM:	\ACT\Diagnosis\ICD10\V2_2018AA\A20098492\A18921516\A18916268\A17825389\A17838046\A17850801\A27151982\A27155405\	ICD10CM:E11.3311	E11.3311 Type 2 Diabetes Mellitus With Moderate Nonproliferative Diabetic Retinopathy With Macular Edema, Right Eye		24-MAY-21	24-MAY-21	24-MAY-21	ACT	20210401
45770881	37200207	Mapped from	Type 2 diabetes mellitus with moderate nonproliferative diabetic retinopathy with macular edema, left eye	Condition	ICD10CM	7-char billing code		E11.3312	ICD10CM:	\ACT\Diagnosis\ICD10\V2_2018AA\A20098492\A18921516\A18916268\A17825389\A17838046\A17850801\A27151982\A27152374\	ICD10CM:E11.3312	E11.3312 Type 2 Diabetes Mellitus With Moderate Nonproliferative Diabetic Retinopathy With Macular Edema, Left Eye		24-MAY-21	24-MAY-21	24-MAY-21	ACT	20210401
45770881	37200208	Mapped from	Type 2 diabetes mellitus with moderate nonproliferative diabetic retinopathy with macular edema, bilateral	Condition	ICD10CM	7-char billing code		E11.3313	ICD10CM:	\ACT\Diagnosis\ICD10\V2_2018AA\A20098492\A18921516\A18916268\A17825389\A17838046\A17850801\A27151982\A27150861\	ICD10CM:E11.3313	E11.3313 Type 2 Diabetes Mellitus With Moderate Nonproliferative Diabetic Retinopathy With Macular Edema, Bilateral		24-MAY-21	24-MAY-21	24-MAY-21	ACT	20210401
45770881	37200209	Mapped from	Type 2 diabetes mellitus with moderate nonproliferative diabetic retinopathy with macular edema, unspecified eye	Condition	ICD10CM	7-char billing code		E11.3319	ICD10CM:	\ACT\Diagnosis\ICD10\V2_2018AA\A20098492\A18921516\A18916268\A17825389\A17838046\A17850801\A27151982\A27149695\	ICD10CM:E11.3319	E11.3319 Type 2 Diabetes Mellitus With Moderate Nonproliferative Diabetic Retinopathy With Macular Edema, Unspecified Eye		24-MAY-21	24-MAY-21	24-MAY-21	ACT	20210401
45770881	45591029	Mapped from	Type 2 diabetes mellitus with moderate nonproliferative diabetic retinopathy without macular edema	Condition	ICD10CM	6-char nonbill code		E11.339	ICD10CM:	\ACT\Diagnosis\ICD10\V2_2018AA\A20098492\A18921516\A18916268\A17825389\A17838046\A17850801\A27150862\	ICD10CM:E11.339	E11.339 Type 2 Diabetes Mellitus With Moderate Nonproliferative Diabetic Retinopathy Without Macular Edema		24-MAY-21	24-MAY-21	24-MAY-21	ACT	20210401
45770881	37200210	Mapped from	Type 2 diabetes mellitus with moderate nonproliferative diabetic retinopathy without macular edema, right eye	Condition	ICD10CM	7-char billing code		E11.3391	ICD10CM:	\ACT\Diagnosis\ICD10\V2_2018AA\A20098492\A18921516\A18916268\A17825389\A17838046\A17850801\A27150862\A27150863\	ICD10CM:E11.3391	E11.3391 Type 2 Diabetes Mellitus With Moderate Nonproliferative Diabetic Retinopathy Without Macular Edema, Right Eye		24-MAY-21	24-MAY-21	24-MAY-21	ACT	20210401
45770881	37200211	Mapped from	Type 2 diabetes mellitus with moderate nonproliferative diabetic retinopathy without macular edema, left eye	Condition	ICD10CM	7-char billing code		E11.3392	ICD10CM:	\ACT\Diagnosis\ICD10\V2_2018AA\A20098492\A18921516\A18916268\A17825389\A17838046\A17850801\A27150862\A27152375\	ICD10CM:E11.3392	E11.3392 Type 2 Diabetes Mellitus With Moderate Nonproliferative Diabetic Retinopathy Without Macular Edema, Left Eye		24-MAY-21	24-MAY-21	24-MAY-21	ACT	20210401
45770881	37200212	Mapped from	Type 2 diabetes mellitus with moderate nonproliferative diabetic retinopathy without macular edema, bilateral	Condition	ICD10CM	7-char billing code		E11.3393	ICD10CM:	\ACT\Diagnosis\ICD10\V2_2018AA\A20098492\A18921516\A18916268\A17825389\A17838046\A17850801\A27150862\A27150466\	ICD10CM:E11.3393	E11.3393 Type 2 Diabetes Mellitus With Moderate Nonproliferative Diabetic Retinopathy Without Macular Edema, Bilateral		24-MAY-21	24-MAY-21	24-MAY-21	ACT	20210401
45770881	37200213	Mapped from	Type 2 diabetes mellitus with moderate nonproliferative diabetic retinopathy without macular edema, unspecified eye	Condition	ICD10CM	7-char billing code		E11.3399	ICD10CM:	\ACT\Diagnosis\ICD10\V2_2018AA\A20098492\A18921516\A18916268\A17825389\A17838046\A17850801\A27150862\A27150864\	ICD10CM:E11.3399	E11.3399 Type 2 Diabetes Mellitus With Moderate Nonproliferative Diabetic Retinopathy Without Macular Edema, Unspecified Eye		24-MAY-21	24-MAY-21	24-MAY-21	ACT	20210401
43530656	1567963	Mapped from	Type 2 diabetes mellitus with severe nonproliferative diabetic retinopathy	Condition	ICD10CM	5-char nonbill code		E11.34	ICD10CM:	\ACT\Diagnosis\ICD10\V2_2018AA\A20098492\A18921516\A18916268\A17825389\A17838046\A17863451\	ICD10CM:E11.34	E11.34 Type 2 Diabetes Mellitus With Severe Nonproliferative Diabetic Retinopathy		24-MAY-21	24-MAY-21	24-MAY-21	ACT	20210401
43530656	45557112	Mapped from	Type 2 diabetes mellitus with severe nonproliferative diabetic retinopathy with macular edema	Condition	ICD10CM	6-char nonbill code		E11.341	ICD10CM:	\ACT\Diagnosis\ICD10\V2_2018AA\A20098492\A18921516\A18916268\A17825389\A17838046\A17863451\A27154257\	ICD10CM:E11.341	E11.341 Type 2 Diabetes Mellitus With Severe Nonproliferative Diabetic Retinopathy With Macular Edema		24-MAY-21	24-MAY-21	24-MAY-21	ACT	20210401
43530656	37200214	Mapped from	Type 2 diabetes mellitus with severe nonproliferative diabetic retinopathy with macular edema, right eye	Condition	ICD10CM	7-char billing code		E11.3411	ICD10CM:	\ACT\Diagnosis\ICD10\V2_2018AA\A20098492\A18921516\A18916268\A17825389\A17838046\A17863451\A27154257\A27151231\	ICD10CM:E11.3411	E11.3411 Type 2 Diabetes Mellitus With Severe Nonproliferative Diabetic Retinopathy With Macular Edema, Right Eye		24-MAY-21	24-MAY-21	24-MAY-21	ACT	20210401
43530656	37200215	Mapped from	Type 2 diabetes mellitus with severe nonproliferative diabetic retinopathy with macular edema, left eye	Condition	ICD10CM	7-char billing code		E11.3412	ICD10CM:	\ACT\Diagnosis\ICD10\V2_2018AA\A20098492\A18921516\A18916268\A17825389\A17838046\A17863451\A27154257\A27151232\	ICD10CM:E11.3412	E11.3412 Type 2 Diabetes Mellitus With Severe Nonproliferative Diabetic Retinopathy With Macular Edema, Left Eye		24-MAY-21	24-MAY-21	24-MAY-21	ACT	20210401
43530656	37200216	Mapped from	Type 2 diabetes mellitus with severe nonproliferative diabetic retinopathy with macular edema, bilateral	Condition	ICD10CM	7-char billing code		E11.3413	ICD10CM:	\ACT\Diagnosis\ICD10\V2_2018AA\A20098492\A18921516\A18916268\A17825389\A17838046\A17863451\A27154257\A27155005\	ICD10CM:E11.3413	E11.3413 Type 2 Diabetes Mellitus With Severe Nonproliferative Diabetic Retinopathy With Macular Edema, Bilateral		24-MAY-21	24-MAY-21	24-MAY-21	ACT	20210401
43530656	37200217	Mapped from	Type 2 diabetes mellitus with severe nonproliferative diabetic retinopathy with macular edema, unspecified eye	Condition	ICD10CM	7-char billing code		E11.3419	ICD10CM:	\ACT\Diagnosis\ICD10\V2_2018AA\A20098492\A18921516\A18916268\A17825389\A17838046\A17863451\A27154257\A27152780\	ICD10CM:E11.3419	E11.3419 Type 2 Diabetes Mellitus With Severe Nonproliferative Diabetic Retinopathy With Macular Edema, Unspecified Eye		24-MAY-21	24-MAY-21	24-MAY-21	ACT	20210401
43530656	45605402	Mapped from	Type 2 diabetes mellitus with severe nonproliferative diabetic retinopathy without macular edema	Condition	ICD10CM	6-char nonbill code		E11.349	ICD10CM:	\ACT\Diagnosis\ICD10\V2_2018AA\A20098492\A18921516\A18916268\A17825389\A17838046\A17863451\A27151592\	ICD10CM:E11.349	E11.349 Type 2 Diabetes Mellitus With Severe Nonproliferative Diabetic Retinopathy Without Macular Edema		24-MAY-21	24-MAY-21	24-MAY-21	ACT	20210401
43530656	37200218	Mapped from	Type 2 diabetes mellitus with severe nonproliferative diabetic retinopathy without macular edema, right eye	Condition	ICD10CM	7-char billing code		E11.3491	ICD10CM:	\ACT\Diagnosis\ICD10\V2_2018AA\A20098492\A18921516\A18916268\A17825389\A17838046\A17863451\A27151592\A27151983\	ICD10CM:E11.3491	E11.3491 Type 2 Diabetes Mellitus With Severe Nonproliferative Diabetic Retinopathy Without Macular Edema, Right Eye		24-MAY-21	24-MAY-21	24-MAY-21	ACT	20210401
43530656	37200219	Mapped from	Type 2 diabetes mellitus with severe nonproliferative diabetic retinopathy without macular edema, left eye	Condition	ICD10CM	7-char billing code		E11.3492	ICD10CM:	\ACT\Diagnosis\ICD10\V2_2018AA\A20098492\A18921516\A18916268\A17825389\A17838046\A17863451\A27151592\A27150467\	ICD10CM:E11.3492	E11.3492 Type 2 Diabetes Mellitus With Severe Nonproliferative Diabetic Retinopathy Without Macular Edema, Left Eye		24-MAY-21	24-MAY-21	24-MAY-21	ACT	20210401
43530656	37200220	Mapped from	Type 2 diabetes mellitus with severe nonproliferative diabetic retinopathy without macular edema, bilateral	Condition	ICD10CM	7-char billing code		E11.3493	ICD10CM:	\ACT\Diagnosis\ICD10\V2_2018AA\A20098492\A18921516\A18916268\A17825389\A17838046\A17863451\A27151592\A27150079\	ICD10CM:E11.3493	E11.3493 Type 2 Diabetes Mellitus With Severe Nonproliferative Diabetic Retinopathy Without Macular Edema, Bilateral		24-MAY-21	24-MAY-21	24-MAY-21	ACT	20210401
43530656	37200221	Mapped from	Type 2 diabetes mellitus with severe nonproliferative diabetic retinopathy without macular edema, unspecified eye	Condition	ICD10CM	7-char billing code		E11.3499	ICD10CM:	\ACT\Diagnosis\ICD10\V2_2018AA\A20098492\A18921516\A18916268\A17825389\A17838046\A17863451\A27151592\A27153124\	ICD10CM:E11.3499	E11.3499 Type 2 Diabetes Mellitus With Severe Nonproliferative Diabetic Retinopathy Without Macular Edema, Unspecified Eye		24-MAY-21	24-MAY-21	24-MAY-21	ACT	20210401
43530685	1567964	Mapped from	Type 2 diabetes mellitus with proliferative diabetic retinopathy	Condition	ICD10CM	5-char nonbill code		E11.35	ICD10CM:	\ACT\Diagnosis\ICD10\V2_2018AA\A20098492\A18921516\A18916268\A17825389\A17838046\A17838049\	ICD10CM:E11.35	E11.35 Type 2 Diabetes Mellitus With Proliferative Diabetic Retinopathy		24-MAY-21	24-MAY-21	24-MAY-21	ACT	20210401
43530685	45591030	Mapped from	Type 2 diabetes mellitus with proliferative diabetic retinopathy with macular edema	Condition	ICD10CM	6-char nonbill code		E11.351	ICD10CM:	\ACT\Diagnosis\ICD10\V2_2018AA\A20098492\A18921516\A18916268\A17825389\A17838046\A17838049\A27150080\	ICD10CM:E11.351	E11.351 Type 2 Diabetes Mellitus With Proliferative Diabetic Retinopathy With Macular Edema		24-MAY-21	24-MAY-21	24-MAY-21	ACT	20210401
45770830	45591030	Mapped from	Type 2 diabetes mellitus with proliferative diabetic retinopathy with macular edema	Condition	ICD10CM	6-char nonbill code		E11.351	ICD10CM:	\ACT\Diagnosis\ICD10\V2_2018AA\A20098492\A18921516\A18916268\A17825389\A17838046\A17838049\A27150080\	ICD10CM:E11.351	E11.351 Type 2 Diabetes Mellitus With Proliferative Diabetic Retinopathy With Macular Edema		24-MAY-21	24-MAY-21	24-MAY-21	ACT	20210401
43530685	37200222	Mapped from	Type 2 diabetes mellitus with proliferative diabetic retinopathy with macular edema, right eye	Condition	ICD10CM	7-char billing code		E11.3511	ICD10CM:	\ACT\Diagnosis\ICD10\V2_2018AA\A20098492\A18921516\A18916268\A17825389\A17838046\A17838049\A27150080\A27155406\	ICD10CM:E11.3511	E11.3511 Type 2 Diabetes Mellitus With Proliferative Diabetic Retinopathy With Macular Edema, Right Eye		24-MAY-21	24-MAY-21	24-MAY-21	ACT	20210401
45770830	37200222	Mapped from	Type 2 diabetes mellitus with proliferative diabetic retinopathy with macular edema, right eye	Condition	ICD10CM	7-char billing code		E11.3511	ICD10CM:	\ACT\Diagnosis\ICD10\V2_2018AA\A20098492\A18921516\A18916268\A17825389\A17838046\A17838049\A27150080\A27155406\	ICD10CM:E11.3511	E11.3511 Type 2 Diabetes Mellitus With Proliferative Diabetic Retinopathy With Macular Edema, Right Eye		24-MAY-21	24-MAY-21	24-MAY-21	ACT	20210401
43530685	37200223	Mapped from	Type 2 diabetes mellitus with proliferative diabetic retinopathy with macular edema, left eye	Condition	ICD10CM	7-char billing code		E11.3512	ICD10CM:	\ACT\Diagnosis\ICD10\V2_2018AA\A20098492\A18921516\A18916268\A17825389\A17838046\A17838049\A27150080\A27150468\	ICD10CM:E11.3512	E11.3512 Type 2 Diabetes Mellitus With Proliferative Diabetic Retinopathy With Macular Edema, Left Eye		24-MAY-21	24-MAY-21	24-MAY-21	ACT	20210401
45770830	37200223	Mapped from	Type 2 diabetes mellitus with proliferative diabetic retinopathy with macular edema, left eye	Condition	ICD10CM	7-char billing code		E11.3512	ICD10CM:	\ACT\Diagnosis\ICD10\V2_2018AA\A20098492\A18921516\A18916268\A17825389\A17838046\A17838049\A27150080\A27150468\	ICD10CM:E11.3512	E11.3512 Type 2 Diabetes Mellitus With Proliferative Diabetic Retinopathy With Macular Edema, Left Eye		24-MAY-21	24-MAY-21	24-MAY-21	ACT	20210401
43530685	37200224	Mapped from	Type 2 diabetes mellitus with proliferative diabetic retinopathy with macular edema, bilateral	Condition	ICD10CM	7-char billing code		E11.3513	ICD10CM:	\ACT\Diagnosis\ICD10\V2_2018AA\A20098492\A18921516\A18916268\A17825389\A17838046\A17838049\A27150080\A27154258\	ICD10CM:E11.3513	E11.3513 Type 2 Diabetes Mellitus With Proliferative Diabetic Retinopathy With Macular Edema, Bilateral		24-MAY-21	24-MAY-21	24-MAY-21	ACT	20210401
45770830	37200224	Mapped from	Type 2 diabetes mellitus with proliferative diabetic retinopathy with macular edema, bilateral	Condition	ICD10CM	7-char billing code		E11.3513	ICD10CM:	\ACT\Diagnosis\ICD10\V2_2018AA\A20098492\A18921516\A18916268\A17825389\A17838046\A17838049\A27150080\A27154258\	ICD10CM:E11.3513	E11.3513 Type 2 Diabetes Mellitus With Proliferative Diabetic Retinopathy With Macular Edema, Bilateral		24-MAY-21	24-MAY-21	24-MAY-21	ACT	20210401
43530685	37200225	Mapped from	Type 2 diabetes mellitus with proliferative diabetic retinopathy with macular edema, unspecified eye	Condition	ICD10CM	7-char billing code		E11.3519	ICD10CM:	\ACT\Diagnosis\ICD10\V2_2018AA\A20098492\A18921516\A18916268\A17825389\A17838046\A17838049\A27150080\A27149696\	ICD10CM:E11.3519	E11.3519 Type 2 Diabetes Mellitus With Proliferative Diabetic Retinopathy With Macular Edema, Unspecified Eye		24-MAY-21	24-MAY-21	24-MAY-21	ACT	20210401
45770830	37200225	Mapped from	Type 2 diabetes mellitus with proliferative diabetic retinopathy with macular edema, unspecified eye	Condition	ICD10CM	7-char billing code		E11.3519	ICD10CM:	\ACT\Diagnosis\ICD10\V2_2018AA\A20098492\A18921516\A18916268\A17825389\A17838046\A17838049\A27150080\A27149696\	ICD10CM:E11.3519	E11.3519 Type 2 Diabetes Mellitus With Proliferative Diabetic Retinopathy With Macular Edema, Unspecified Eye		24-MAY-21	24-MAY-21	24-MAY-21	ACT	20210401
43530685	37200226	Mapped from	Type 2 diabetes mellitus with proliferative diabetic retinopathy with traction retinal detachment involving the macula	Condition	ICD10CM	6-char nonbill code		E11.352	ICD10CM:	\ACT\Diagnosis\ICD10\V2_2018AA\A20098492\A18921516\A18916268\A17825389\A17838046\A17838049\A27153870\	ICD10CM:E11.352	E11.352 Type 2 Diabetes Mellitus With Proliferative Diabetic Retinopathy With Traction Retinal Detachment Involving The Macula		24-MAY-21	24-MAY-21	24-MAY-21	ACT	20210401
43530685	37200227	Mapped from	Type 2 diabetes mellitus with proliferative diabetic retinopathy with traction retinal detachment involving the macula, right eye	Condition	ICD10CM	7-char billing code		E11.3521	ICD10CM:	\ACT\Diagnosis\ICD10\V2_2018AA\A20098492\A18921516\A18916268\A17825389\A17838046\A17838049\A27153870\A27153495\	ICD10CM:E11.3521	E11.3521 Type 2 Diabetes Mellitus With Proliferative Diabetic Retinopathy With Traction Retinal Detachment Involving The Macula, Right Eye		24-MAY-21	24-MAY-21	24-MAY-21	ACT	20210401
43530685	37200228	Mapped from	Type 2 diabetes mellitus with proliferative diabetic retinopathy with traction retinal detachment involving the macula, left eye	Condition	ICD10CM	7-char billing code		E11.3522	ICD10CM:	\ACT\Diagnosis\ICD10\V2_2018AA\A20098492\A18921516\A18916268\A17825389\A17838046\A17838049\A27153870\A27149697\	ICD10CM:E11.3522	E11.3522 Type 2 Diabetes Mellitus With Proliferative Diabetic Retinopathy With Traction Retinal Detachment Involving The Macula, Left Eye		24-MAY-21	24-MAY-21	24-MAY-21	ACT	20210401
43530685	37200229	Mapped from	Type 2 diabetes mellitus with proliferative diabetic retinopathy with traction retinal detachment involving the macula, bilateral	Condition	ICD10CM	7-char billing code		E11.3523	ICD10CM:	\ACT\Diagnosis\ICD10\V2_2018AA\A20098492\A18921516\A18916268\A17825389\A17838046\A17838049\A27153870\A27153496\	ICD10CM:E11.3523	E11.3523 Type 2 Diabetes Mellitus With Proliferative Diabetic Retinopathy With Traction Retinal Detachment Involving The Macula, Bilateral		24-MAY-21	24-MAY-21	24-MAY-21	ACT	20210401
43530685	37200230	Mapped from	Type 2 diabetes mellitus with proliferative diabetic retinopathy with traction retinal detachment involving the macula, unspecified eye	Condition	ICD10CM	7-char billing code		E11.3529	ICD10CM:	\ACT\Diagnosis\ICD10\V2_2018AA\A20098492\A18921516\A18916268\A17825389\A17838046\A17838049\A27153870\A27150469\	ICD10CM:E11.3529	E11.3529 Type 2 Diabetes Mellitus With Proliferative Diabetic Retinopathy With Traction Retinal Detachment Involving The Macula, Unspecified Eye		24-MAY-21	24-MAY-21	24-MAY-21	ACT	20210401
43530685	37200231	Mapped from	Type 2 diabetes mellitus with proliferative diabetic retinopathy with traction retinal detachment not involving the macula	Condition	ICD10CM	6-char nonbill code		E11.353	ICD10CM:	\ACT\Diagnosis\ICD10\V2_2018AA\A20098492\A18921516\A18916268\A17825389\A17838046\A17838049\A27155006\	ICD10CM:E11.353	E11.353 Type 2 Diabetes Mellitus With Proliferative Diabetic Retinopathy With Traction Retinal Detachment Not Involving The Macula		24-MAY-21	24-MAY-21	24-MAY-21	ACT	20210401
45773064	37200231	Mapped from	Type 2 diabetes mellitus with proliferative diabetic retinopathy with traction retinal detachment not involving the macula	Condition	ICD10CM	6-char nonbill code		E11.353	ICD10CM:	\ACT\Diagnosis\ICD10\V2_2018AA\A20098492\A18921516\A18916268\A17825389\A17838046\A17838049\A27155006\	ICD10CM:E11.353	E11.353 Type 2 Diabetes Mellitus With Proliferative Diabetic Retinopathy With Traction Retinal Detachment Not Involving The Macula		24-MAY-21	24-MAY-21	24-MAY-21	ACT	20210401
43530685	37200232	Mapped from	Type 2 diabetes mellitus with proliferative diabetic retinopathy with traction retinal detachment not involving the macula, right eye	Condition	ICD10CM	7-char billing code		E11.3531	ICD10CM:	\ACT\Diagnosis\ICD10\V2_2018AA\A20098492\A18921516\A18916268\A17825389\A17838046\A17838049\A27155006\A27150081\	ICD10CM:E11.3531	E11.3531 Type 2 Diabetes Mellitus With Proliferative Diabetic Retinopathy With Traction Retinal Detachment Not Involving The Macula, Right Eye		24-MAY-21	24-MAY-21	24-MAY-21	ACT	20210401
45773064	37200232	Mapped from	Type 2 diabetes mellitus with proliferative diabetic retinopathy with traction retinal detachment not involving the macula, right eye	Condition	ICD10CM	7-char billing code		E11.3531	ICD10CM:	\ACT\Diagnosis\ICD10\V2_2018AA\A20098492\A18921516\A18916268\A17825389\A17838046\A17838049\A27155006\A27150081\	ICD10CM:E11.3531	E11.3531 Type 2 Diabetes Mellitus With Proliferative Diabetic Retinopathy With Traction Retinal Detachment Not Involving The Macula, Right Eye		24-MAY-21	24-MAY-21	24-MAY-21	ACT	20210401
43530685	37200233	Mapped from	Type 2 diabetes mellitus with proliferative diabetic retinopathy with traction retinal detachment not involving the macula, left eye	Condition	ICD10CM	7-char billing code		E11.3532	ICD10CM:	\ACT\Diagnosis\ICD10\V2_2018AA\A20098492\A18921516\A18916268\A17825389\A17838046\A17838049\A27155006\A27151593\	ICD10CM:E11.3532	E11.3532 Type 2 Diabetes Mellitus With Proliferative Diabetic Retinopathy With Traction Retinal Detachment Not Involving The Macula, Left Eye		24-MAY-21	24-MAY-21	24-MAY-21	ACT	20210401
45773064	37200233	Mapped from	Type 2 diabetes mellitus with proliferative diabetic retinopathy with traction retinal detachment not involving the macula, left eye	Condition	ICD10CM	7-char billing code		E11.3532	ICD10CM:	\ACT\Diagnosis\ICD10\V2_2018AA\A20098492\A18921516\A18916268\A17825389\A17838046\A17838049\A27155006\A27151593\	ICD10CM:E11.3532	E11.3532 Type 2 Diabetes Mellitus With Proliferative Diabetic Retinopathy With Traction Retinal Detachment Not Involving The Macula, Left Eye		24-MAY-21	24-MAY-21	24-MAY-21	ACT	20210401
43530685	37200234	Mapped from	Type 2 diabetes mellitus with proliferative diabetic retinopathy with traction retinal detachment not involving the macula, bilateral	Condition	ICD10CM	7-char billing code		E11.3533	ICD10CM:	\ACT\Diagnosis\ICD10\V2_2018AA\A20098492\A18921516\A18916268\A17825389\A17838046\A17838049\A27155006\A27153871\	ICD10CM:E11.3533	E11.3533 Type 2 Diabetes Mellitus With Proliferative Diabetic Retinopathy With Traction Retinal Detachment Not Involving The Macula, Bilateral		24-MAY-21	24-MAY-21	24-MAY-21	ACT	20210401
45773064	37200234	Mapped from	Type 2 diabetes mellitus with proliferative diabetic retinopathy with traction retinal detachment not involving the macula, bilateral	Condition	ICD10CM	7-char billing code		E11.3533	ICD10CM:	\ACT\Diagnosis\ICD10\V2_2018AA\A20098492\A18921516\A18916268\A17825389\A17838046\A17838049\A27155006\A27153871\	ICD10CM:E11.3533	E11.3533 Type 2 Diabetes Mellitus With Proliferative Diabetic Retinopathy With Traction Retinal Detachment Not Involving The Macula, Bilateral		24-MAY-21	24-MAY-21	24-MAY-21	ACT	20210401
43530685	37200235	Mapped from	Type 2 diabetes mellitus with proliferative diabetic retinopathy with traction retinal detachment not involving the macula, unspecified eye	Condition	ICD10CM	7-char billing code		E11.3539	ICD10CM:	\ACT\Diagnosis\ICD10\V2_2018AA\A20098492\A18921516\A18916268\A17825389\A17838046\A17838049\A27155006\A27150865\	ICD10CM:E11.3539	E11.3539 Type 2 Diabetes Mellitus With Proliferative Diabetic Retinopathy With Traction Retinal Detachment Not Involving The Macula, Unspecified Eye		24-MAY-21	24-MAY-21	24-MAY-21	ACT	20210401
45773064	37200235	Mapped from	Type 2 diabetes mellitus with proliferative diabetic retinopathy with traction retinal detachment not involving the macula, unspecified eye	Condition	ICD10CM	7-char billing code		E11.3539	ICD10CM:	\ACT\Diagnosis\ICD10\V2_2018AA\A20098492\A18921516\A18916268\A17825389\A17838046\A17838049\A27155006\A27150865\	ICD10CM:E11.3539	E11.3539 Type 2 Diabetes Mellitus With Proliferative Diabetic Retinopathy With Traction Retinal Detachment Not Involving The Macula, Unspecified Eye		24-MAY-21	24-MAY-21	24-MAY-21	ACT	20210401
43530685	37200236	Mapped from	Type 2 diabetes mellitus with proliferative diabetic retinopathy with combined traction retinal detachment and rhegmatogenous retinal detachment	Condition	ICD10CM	6-char nonbill code		E11.354	ICD10CM:	\ACT\Diagnosis\ICD10\V2_2018AA\A20098492\A18921516\A18916268\A17825389\A17838046\A17838049\A27155007\	ICD10CM:E11.354	E11.354 Type 2 Diabetes Mellitus With Proliferative Diabetic Retinopathy With Combined Traction Retinal Detachment And Rhegmatogenous Retinal Detachment		24-MAY-21	24-MAY-21	24-MAY-21	ACT	20210401
43530685	37200237	Mapped from	Type 2 diabetes mellitus with proliferative diabetic retinopathy with combined traction retinal detachment and rhegmatogenous retinal detachment, right eye	Condition	ICD10CM	7-char billing code		E11.3541	ICD10CM:	\ACT\Diagnosis\ICD10\V2_2018AA\A20098492\A18921516\A18916268\A17825389\A17838046\A17838049\A27155007\A27150866\	ICD10CM:E11.3541	E11.3541 Type 2 Diabetes Mellitus With Proliferative Diabetic Retinopathy With Combined Traction Retinal Detachment And Rhegmatogenous Retinal Detachment, Right Eye		24-MAY-21	24-MAY-21	24-MAY-21	ACT	20210401
43530685	37200238	Mapped from	Type 2 diabetes mellitus with proliferative diabetic retinopathy with combined traction retinal detachment and rhegmatogenous retinal detachment, left eye	Condition	ICD10CM	7-char billing code		E11.3542	ICD10CM:	\ACT\Diagnosis\ICD10\V2_2018AA\A20098492\A18921516\A18916268\A17825389\A17838046\A17838049\A27155007\A27151233\	ICD10CM:E11.3542	E11.3542 Type 2 Diabetes Mellitus With Proliferative Diabetic Retinopathy With Combined Traction Retinal Detachment And Rhegmatogenous Retinal Detachment, Left Eye		24-MAY-21	24-MAY-21	24-MAY-21	ACT	20210401
43530685	37200239	Mapped from	Type 2 diabetes mellitus with proliferative diabetic retinopathy with combined traction retinal detachment and rhegmatogenous retinal detachment, bilateral	Condition	ICD10CM	7-char billing code		E11.3543	ICD10CM:	\ACT\Diagnosis\ICD10\V2_2018AA\A20098492\A18921516\A18916268\A17825389\A17838046\A17838049\A27155007\A27150867\	ICD10CM:E11.3543	E11.3543 Type 2 Diabetes Mellitus With Proliferative Diabetic Retinopathy With Combined Traction Retinal Detachment And Rhegmatogenous Retinal Detachment, Bilateral		24-MAY-21	24-MAY-21	24-MAY-21	ACT	20210401
43530685	37200240	Mapped from	Type 2 diabetes mellitus with proliferative diabetic retinopathy with combined traction retinal detachment and rhegmatogenous retinal detachment, unspecified eye	Condition	ICD10CM	7-char billing code		E11.3549	ICD10CM:	\ACT\Diagnosis\ICD10\V2_2018AA\A20098492\A18921516\A18916268\A17825389\A17838046\A17838049\A27155007\A27150470\	ICD10CM:E11.3549	E11.3549 Type 2 Diabetes Mellitus With Proliferative Diabetic Retinopathy With Combined Traction Retinal Detachment And Rhegmatogenous Retinal Detachment, Unspecified Eye		24-MAY-21	24-MAY-21	24-MAY-21	ACT	20210401
43530685	37200241	Mapped from	Type 2 diabetes mellitus with stable proliferative diabetic retinopathy	Condition	ICD10CM	6-char nonbill code		E11.355	ICD10CM:	\ACT\Diagnosis\ICD10\V2_2018AA\A20098492\A18921516\A18916268\A17825389\A17838046\A17838049\A27152376\	ICD10CM:E11.355	E11.355 Type 2 Diabetes Mellitus With Stable Proliferative Diabetic Retinopathy		24-MAY-21	24-MAY-21	24-MAY-21	ACT	20210401
43530685	37200242	Mapped from	Type 2 diabetes mellitus with stable proliferative diabetic retinopathy, right eye	Condition	ICD10CM	7-char billing code		E11.3551	ICD10CM:	\ACT\Diagnosis\ICD10\V2_2018AA\A20098492\A18921516\A18916268\A17825389\A17838046\A17838049\A27152376\A27153497\	ICD10CM:E11.3551	E11.3551 Type 2 Diabetes Mellitus With Stable Proliferative Diabetic Retinopathy, Right Eye		24-MAY-21	24-MAY-21	24-MAY-21	ACT	20210401
43530685	37200243	Mapped from	Type 2 diabetes mellitus with stable proliferative diabetic retinopathy, left eye	Condition	ICD10CM	7-char billing code		E11.3552	ICD10CM:	\ACT\Diagnosis\ICD10\V2_2018AA\A20098492\A18921516\A18916268\A17825389\A17838046\A17838049\A27152376\A27154259\	ICD10CM:E11.3552	E11.3552 Type 2 Diabetes Mellitus With Stable Proliferative Diabetic Retinopathy, Left Eye		24-MAY-21	24-MAY-21	24-MAY-21	ACT	20210401
43530685	37200244	Mapped from	Type 2 diabetes mellitus with stable proliferative diabetic retinopathy, bilateral	Condition	ICD10CM	7-char billing code		E11.3553	ICD10CM:	\ACT\Diagnosis\ICD10\V2_2018AA\A20098492\A18921516\A18916268\A17825389\A17838046\A17838049\A27152376\A27154634\	ICD10CM:E11.3553	E11.3553 Type 2 Diabetes Mellitus With Stable Proliferative Diabetic Retinopathy, Bilateral		24-MAY-21	24-MAY-21	24-MAY-21	ACT	20210401
43530685	37200245	Mapped from	Type 2 diabetes mellitus with stable proliferative diabetic retinopathy, unspecified eye	Condition	ICD10CM	7-char billing code		E11.3559	ICD10CM:	\ACT\Diagnosis\ICD10\V2_2018AA\A20098492\A18921516\A18916268\A17825389\A17838046\A17838049\A27152376\A27151594\	ICD10CM:E11.3559	E11.3559 Type 2 Diabetes Mellitus With Stable Proliferative Diabetic Retinopathy, Unspecified Eye		24-MAY-21	24-MAY-21	24-MAY-21	ACT	20210401
43530685	45552386	Mapped from	Type 2 diabetes mellitus with proliferative diabetic retinopathy without macular edema	Condition	ICD10CM	6-char nonbill code		E11.359	ICD10CM:	\ACT\Diagnosis\ICD10\V2_2018AA\A20098492\A18921516\A18916268\A17825389\A17838046\A17838049\A27151234\	ICD10CM:E11.359	E11.359 Type 2 Diabetes Mellitus With Proliferative Diabetic Retinopathy Without Macular Edema		24-MAY-21	24-MAY-21	24-MAY-21	ACT	20210401
43530685	37200246	Mapped from	Type 2 diabetes mellitus with proliferative diabetic retinopathy without macular edema, right eye	Condition	ICD10CM	7-char billing code		E11.3591	ICD10CM:	\ACT\Diagnosis\ICD10\V2_2018AA\A20098492\A18921516\A18916268\A17825389\A17838046\A17838049\A27151234\A27150082\	ICD10CM:E11.3591	E11.3591 Type 2 Diabetes Mellitus With Proliferative Diabetic Retinopathy Without Macular Edema, Right Eye		24-MAY-21	24-MAY-21	24-MAY-21	ACT	20210401
43530685	37200247	Mapped from	Type 2 diabetes mellitus with proliferative diabetic retinopathy without macular edema, left eye	Condition	ICD10CM	7-char billing code		E11.3592	ICD10CM:	\ACT\Diagnosis\ICD10\V2_2018AA\A20098492\A18921516\A18916268\A17825389\A17838046\A17838049\A27151234\A27149698\	ICD10CM:E11.3592	E11.3592 Type 2 Diabetes Mellitus With Proliferative Diabetic Retinopathy Without Macular Edema, Left Eye		24-MAY-21	24-MAY-21	24-MAY-21	ACT	20210401
43530685	37200248	Mapped from	Type 2 diabetes mellitus with proliferative diabetic retinopathy without macular edema, bilateral	Condition	ICD10CM	7-char billing code		E11.3593	ICD10CM:	\ACT\Diagnosis\ICD10\V2_2018AA\A20098492\A18921516\A18916268\A17825389\A17838046\A17838049\A27151234\A27151984\	ICD10CM:E11.3593	E11.3593 Type 2 Diabetes Mellitus With Proliferative Diabetic Retinopathy Without Macular Edema, Bilateral		24-MAY-21	24-MAY-21	24-MAY-21	ACT	20210401
43530685	37200249	Mapped from	Type 2 diabetes mellitus with proliferative diabetic retinopathy without macular edema, unspecified eye	Condition	ICD10CM	7-char billing code		E11.3599	ICD10CM:	\ACT\Diagnosis\ICD10\V2_2018AA\A20098492\A18921516\A18916268\A17825389\A17838046\A17838049\A27151234\A27151985\	ICD10CM:E11.3599	E11.3599 Type 2 Diabetes Mellitus With Proliferative Diabetic Retinopathy Without Macular Edema, Unspecified Eye		24-MAY-21	24-MAY-21	24-MAY-21	ACT	20210401
4221495	45595798	Mapped from	Type 2 diabetes mellitus with diabetic cataract	Condition	ICD10CM	5-char billing code		E11.36	ICD10CM:	\ACT\Diagnosis\ICD10\V2_2018AA\A20098492\A18921516\A18916268\A17825389\A17838046\A17838050\	ICD10CM:E11.36	E11.36 Type 2 Diabetes Mellitus With Diabetic Cataract		24-MAY-21	24-MAY-21	24-MAY-21	ACT	20210401
201826	37200250	Mapped from	Type 2 diabetes mellitus with diabetic macular edema, resolved following treatment	Condition	ICD10CM	5-char nonbill code		E11.37	ICD10CM:	\ACT\Diagnosis\ICD10\V2_2018AA\A20098492\A18921516\A18916268\A17825389\A17838046\A27151595\	ICD10CM:E11.37	E11.37 Type 2 Diabetes Mellitus With Diabetic Macular Edema, Resolved Following Treatment		24-MAY-21	24-MAY-21	24-MAY-21	ACT	20210401
201826	37200251	Mapped from	Type 2 diabetes mellitus with diabetic macular edema, resolved following treatment, right eye	Condition	ICD10CM	7-char billing code		E11.37X1	ICD10CM:	\ACT\Diagnosis\ICD10\V2_2018AA\A20098492\A18921516\A18916268\A17825389\A17838046\A27151595\A27151986\	ICD10CM:E11.37X1	E11.37X1 Type 2 Diabetes Mellitus With Diabetic Macular Edema, Resolved Following Treatment, Right Eye		24-MAY-21	24-MAY-21	24-MAY-21	ACT	20210401
201826	37200252	Mapped from	Type 2 diabetes mellitus with diabetic macular edema, resolved following treatment, left eye	Condition	ICD10CM	7-char billing code		E11.37X2	ICD10CM:	\ACT\Diagnosis\ICD10\V2_2018AA\A20098492\A18921516\A18916268\A17825389\A17838046\A27151595\A27151596\	ICD10CM:E11.37X2	E11.37X2 Type 2 Diabetes Mellitus With Diabetic Macular Edema, Resolved Following Treatment, Left Eye		24-MAY-21	24-MAY-21	24-MAY-21	ACT	20210401
201826	37200253	Mapped from	Type 2 diabetes mellitus with diabetic macular edema, resolved following treatment, bilateral	Condition	ICD10CM	7-char billing code		E11.37X3	ICD10CM:	\ACT\Diagnosis\ICD10\V2_2018AA\A20098492\A18921516\A18916268\A17825389\A17838046\A27151595\A27155407\	ICD10CM:E11.37X3	E11.37X3 Type 2 Diabetes Mellitus With Diabetic Macular Edema, Resolved Following Treatment, Bilateral		24-MAY-21	24-MAY-21	24-MAY-21	ACT	20210401
201826	37200254	Mapped from	Type 2 diabetes mellitus with diabetic macular edema, resolved following treatment, unspecified eye	Condition	ICD10CM	7-char billing code		E11.37X9	ICD10CM:	\ACT\Diagnosis\ICD10\V2_2018AA\A20098492\A18921516\A18916268\A17825389\A17838046\A27151595\A27152377\	ICD10CM:E11.37X9	E11.37X9 Type 2 Diabetes Mellitus With Diabetic Macular Edema, Resolved Following Treatment, Unspecified Eye		24-MAY-21	24-MAY-21	24-MAY-21	ACT	20210401
443733	45533019	Mapped from	Type 2 diabetes mellitus with other diabetic ophthalmic complication	Condition	ICD10CM	5-char billing code		E11.39	ICD10CM:	\ACT\Diagnosis\ICD10\V2_2018AA\A20098492\A18921516\A18916268\A17825389\A17838046\A17786856\	ICD10CM:E11.39	E11.39 Type 2 Diabetes Mellitus With Other Diabetic Ophthalmic Complication		24-MAY-21	24-MAY-21	24-MAY-21	ACT	20210401
376065	1567965	Mapped from	Type 2 diabetes mellitus with neurological complications	Condition	ICD10CM	4-char nonbill code		E11.4	ICD10CM:	\ACT\Diagnosis\ICD10\V2_2018AA\A20098492\A18921516\A18916268\A17825389\A17786857\	ICD10CM:E11.4	E11.4 Type 2 Diabetes Mellitus With Neurological Complications		24-MAY-21	24-MAY-21	24-MAY-21	ACT	20210401
376065	45605403	Mapped from	Type 2 diabetes mellitus with diabetic neuropathy, unspecified	Condition	ICD10CM	5-char billing code		E11.40	ICD10CM:	\ACT\Diagnosis\ICD10\V2_2018AA\A20098492\A18921516\A18916268\A17825389\A17786857\A17799619\	ICD10CM:E11.40	E11.40 Type 2 Diabetes Mellitus With Diabetic Neuropathy, Unspecified		24-MAY-21	24-MAY-21	24-MAY-21	ACT	20210401
4222415	45547625	Mapped from	Type 2 diabetes mellitus with diabetic mononeuropathy	Condition	ICD10CM	5-char billing code		E11.41	ICD10CM:	\ACT\Diagnosis\ICD10\V2_2018AA\A20098492\A18921516\A18916268\A17825389\A17786857\A17863454\	ICD10CM:E11.41	E11.41 Type 2 Diabetes Mellitus With Diabetic Mononeuropathy		24-MAY-21	24-MAY-21	24-MAY-21	ACT	20210401
37017432	45557113	Mapped from	Type 2 diabetes mellitus with diabetic polyneuropathy	Condition	ICD10CM	5-char billing code		E11.42	ICD10CM:	\ACT\Diagnosis\ICD10\V2_2018AA\A20098492\A18921516\A18916268\A17825389\A17786857\A17838051\	ICD10CM:E11.42	E11.42 Type 2 Diabetes Mellitus With Diabetic Polyneuropathy		24-MAY-21	24-MAY-21	24-MAY-21	ACT	20210401
37016768	45537962	Mapped from	Type 2 diabetes mellitus with diabetic autonomic (poly)neuropathy	Condition	ICD10CM	5-char billing code		E11.43	ICD10CM:	\ACT\Diagnosis\ICD10\V2_2018AA\A20098492\A18921516\A18916268\A17825389\A17786857\A17774082\	ICD10CM:E11.43	E11.43 Type 2 Diabetes Mellitus With Diabetic Autonomic (Poly)Neuropathy		24-MAY-21	24-MAY-21	24-MAY-21	ACT	20210401
4140466	45533020	Mapped from	Type 2 diabetes mellitus with diabetic amyotrophy	Condition	ICD10CM	5-char billing code		E11.44	ICD10CM:	\ACT\Diagnosis\ICD10\V2_2018AA\A20098492\A18921516\A18916268\A17825389\A17786857\A17786858\	ICD10CM:E11.44	E11.44 Type 2 Diabetes Mellitus With Diabetic Amyotrophy		24-MAY-21	24-MAY-21	24-MAY-21	ACT	20210401
376065	45605404	Mapped from	Type 2 diabetes mellitus with other diabetic neurological complication	Condition	ICD10CM	5-char billing code		E11.49	ICD10CM:	\ACT\Diagnosis\ICD10\V2_2018AA\A20098492\A18921516\A18916268\A17825389\A17786857\A17850802\	ICD10CM:E11.49	E11.49 Type 2 Diabetes Mellitus With Other Diabetic Neurological Complication		24-MAY-21	24-MAY-21	24-MAY-21	ACT	20210401
443729	1567966	Mapped from	Type 2 diabetes mellitus with circulatory complications	Condition	ICD10CM	4-char nonbill code		E11.5	ICD10CM:	\ACT\Diagnosis\ICD10\V2_2018AA\A20098492\A18921516\A18916268\A17825389\A17850803\	ICD10CM:E11.5	E11.5 Type 2 Diabetes Mellitus With Circulatory Complications		24-MAY-21	24-MAY-21	24-MAY-21	ACT	20210401
443729	45533021	Mapped from	Type 2 diabetes mellitus with diabetic peripheral angiopathy without gangrene	Condition	ICD10CM	5-char billing code		E11.51	ICD10CM:	\ACT\Diagnosis\ICD10\V2_2018AA\A20098492\A18921516\A18916268\A17825389\A17850803\A17786859\	ICD10CM:E11.51	E11.51 Type 2 Diabetes Mellitus With Diabetic Peripheral Angiopathy Without Gangrene		24-MAY-21	24-MAY-21	24-MAY-21	ACT	20210401
201826	45533022	Mapped from	Type 2 diabetes mellitus with diabetic peripheral angiopathy with gangrene	Condition	ICD10CM	5-char billing code		E11.52	ICD10CM:	\ACT\Diagnosis\ICD10\V2_2018AA\A20098492\A18921516\A18916268\A17825389\A17850803\A17799621\	ICD10CM:E11.52	E11.52 Type 2 Diabetes Mellitus With Diabetic Peripheral Angiopathy With Gangrene		24-MAY-21	24-MAY-21	24-MAY-21	ACT	20210401
443729	45576443	Mapped from	Type 2 diabetes mellitus with other circulatory complications	Condition	ICD10CM	5-char billing code		E11.59	ICD10CM:	\ACT\Diagnosis\ICD10\V2_2018AA\A20098492\A18921516\A18916268\A17825389\A17850803\A17812471\	ICD10CM:E11.59	E11.59 Type 2 Diabetes Mellitus With Other Circulatory Complications		24-MAY-21	24-MAY-21	24-MAY-21	ACT	20210401
201826	1567967	Mapped from	Type 2 diabetes mellitus with other specified complications	Condition	ICD10CM	4-char nonbill code		E11.6	ICD10CM:	\ACT\Diagnosis\ICD10\V2_2018AA\A20098492\A18921516\A18916268\A17825389\A17786860\	ICD10CM:E11.6	E11.6 Type 2 Diabetes Mellitus With Other Specified Complications		24-MAY-21	24-MAY-21	24-MAY-21	ACT	20210401
4196141	1567968	Mapped from	Type 2 diabetes mellitus with diabetic arthropathy	Condition	ICD10CM	5-char nonbill code		E11.61	ICD10CM:	\ACT\Diagnosis\ICD10\V2_2018AA\A20098492\A18921516\A18916268\A17825389\A17786860\A17838053\	ICD10CM:E11.61	E11.61 Type 2 Diabetes Mellitus With Diabetic Arthropathy		24-MAY-21	24-MAY-21	24-MAY-21	ACT	20210401
201826	45600641	Mapped from	Type 2 diabetes mellitus with diabetic neuropathic arthropathy	Condition	ICD10CM	6-char billing code		E11.610	ICD10CM:	\ACT\Diagnosis\ICD10\V2_2018AA\A20098492\A18921516\A18916268\A17825389\A17786860\A17838053\A17774085\	ICD10CM:E11.610	E11.610 Type 2 Diabetes Mellitus With Diabetic Neuropathic Arthropathy		24-MAY-21	24-MAY-21	24-MAY-21	ACT	20210401
4196141	45586140	Mapped from	Type 2 diabetes mellitus with other diabetic arthropathy	Condition	ICD10CM	6-char billing code		E11.618	ICD10CM:	\ACT\Diagnosis\ICD10\V2_2018AA\A20098492\A18921516\A18916268\A17825389\A17786860\A17838053\A17812472\	ICD10CM:E11.618	E11.618 Type 2 Diabetes Mellitus With Other Diabetic Arthropathy		24-MAY-21	24-MAY-21	24-MAY-21	ACT	20210401
43531616	1567969	Mapped from	Type 2 diabetes mellitus with skin complications	Condition	ICD10CM	5-char nonbill code		E11.62	ICD10CM:	\ACT\Diagnosis\ICD10\V2_2018AA\A20098492\A18921516\A18916268\A17825389\A17786860\A17863455\	ICD10CM:E11.62	E11.62 Type 2 Diabetes Mellitus With Skin Complications		24-MAY-21	24-MAY-21	24-MAY-21	ACT	20210401
43531616	45547626	Mapped from	Type 2 diabetes mellitus with diabetic dermatitis	Condition	ICD10CM	6-char billing code		E11.620	ICD10CM:	\ACT\Diagnosis\ICD10\V2_2018AA\A20098492\A18921516\A18916268\A17825389\A17786860\A17863455\A17799622\	ICD10CM:E11.620	E11.620 Type 2 Diabetes Mellitus With Diabetic Dermatitis		24-MAY-21	24-MAY-21	24-MAY-21	ACT	20210401
201826	45581355	Mapped from	Type 2 diabetes mellitus with foot ulcer	Condition	ICD10CM	6-char billing code		E11.621	ICD10CM:	\ACT\Diagnosis\ICD10\V2_2018AA\A20098492\A18921516\A18916268\A17825389\A17786860\A17863455\A17786861\	ICD10CM:E11.621	E11.621 Type 2 Diabetes Mellitus With Foot Ulcer		24-MAY-21	24-MAY-21	24-MAY-21	ACT	20210401
43530690	45581355	Mapped from	Type 2 diabetes mellitus with foot ulcer	Condition	ICD10CM	6-char billing code		E11.621	ICD10CM:	\ACT\Diagnosis\ICD10\V2_2018AA\A20098492\A18921516\A18916268\A17825389\A17786860\A17863455\A17786861\	ICD10CM:E11.621	E11.621 Type 2 Diabetes Mellitus With Foot Ulcer		24-MAY-21	24-MAY-21	24-MAY-21	ACT	20210401
4099651	45600642	Mapped from	Type 2 diabetes mellitus with other skin ulcer	Condition	ICD10CM	6-char billing code		E11.622	ICD10CM:	\ACT\Diagnosis\ICD10\V2_2018AA\A20098492\A18921516\A18916268\A17825389\A17786860\A17863455\A17799623\	ICD10CM:E11.622	E11.622 Type 2 Diabetes Mellitus With Other Skin Ulcer		24-MAY-21	24-MAY-21	24-MAY-21	ACT	20210401
43531616	45547627	Mapped from	Type 2 diabetes mellitus with other skin complications	Condition	ICD10CM	6-char billing code		E11.628	ICD10CM:	\ACT\Diagnosis\ICD10\V2_2018AA\A20098492\A18921516\A18916268\A17825389\A17786860\A17863455\A17825391\	ICD10CM:E11.628	E11.628 Type 2 Diabetes Mellitus With Other Skin Complications		24-MAY-21	24-MAY-21	24-MAY-21	ACT	20210401
201826	1567970	Mapped from	Type 2 diabetes mellitus with oral complications	Condition	ICD10CM	5-char nonbill code		E11.63	ICD10CM:	\ACT\Diagnosis\ICD10\V2_2018AA\A20098492\A18921516\A18916268\A17825389\A17786860\A17863456\	ICD10CM:E11.63	E11.63 Type 2 Diabetes Mellitus With Oral Complications		24-MAY-21	24-MAY-21	24-MAY-21	ACT	20210401
201826	45533023	Mapped from	Type 2 diabetes mellitus with periodontal disease	Condition	ICD10CM	6-char billing code		E11.630	ICD10CM:	\ACT\Diagnosis\ICD10\V2_2018AA\A20098492\A18921516\A18916268\A17825389\A17786860\A17863456\A17812473\	ICD10CM:E11.630	E11.630 Type 2 Diabetes Mellitus With Periodontal Disease		24-MAY-21	24-MAY-21	24-MAY-21	ACT	20210401
201826	45566731	Mapped from	Type 2 diabetes mellitus with other oral complications	Condition	ICD10CM	6-char billing code		E11.638	ICD10CM:	\ACT\Diagnosis\ICD10\V2_2018AA\A20098492\A18921516\A18916268\A17825389\A17786860\A17863456\A17786862\	ICD10CM:E11.638	E11.638 Type 2 Diabetes Mellitus With Other Oral Complications		24-MAY-21	24-MAY-21	24-MAY-21	ACT	20210401
201826	1567971	Mapped from	Type 2 diabetes mellitus with hypoglycemia	Condition	ICD10CM	5-char nonbill code		E11.64	ICD10CM:	\ACT\Diagnosis\ICD10\V2_2018AA\A20098492\A18921516\A18916268\A17825389\A17786860\A17838055\	ICD10CM:E11.64	E11.64 Type 2 Diabetes Mellitus With Hypoglycemia		24-MAY-21	24-MAY-21	24-MAY-21	ACT	20210401
45757363	1567971	Mapped from	Type 2 diabetes mellitus with hypoglycemia	Condition	ICD10CM	5-char nonbill code		E11.64	ICD10CM:	\ACT\Diagnosis\ICD10\V2_2018AA\A20098492\A18921516\A18916268\A17825389\A17786860\A17838055\	ICD10CM:E11.64	E11.64 Type 2 Diabetes Mellitus With Hypoglycemia		24-MAY-21	24-MAY-21	24-MAY-21	ACT	20210401
36714116	45561949	Mapped from	Type 2 diabetes mellitus with hypoglycemia with coma	Condition	ICD10CM	6-char billing code		E11.641	ICD10CM:	\ACT\Diagnosis\ICD10\V2_2018AA\A20098492\A18921516\A18916268\A17825389\A17786860\A17838055\A17850804\	ICD10CM:E11.641	E11.641 Type 2 Diabetes Mellitus With Hypoglycemia With Coma		24-MAY-21	24-MAY-21	24-MAY-21	ACT	20210401
201826	45591031	Mapped from	Type 2 diabetes mellitus with hypoglycemia without coma	Condition	ICD10CM	6-char billing code		E11.649	ICD10CM:	\ACT\Diagnosis\ICD10\V2_2018AA\A20098492\A18921516\A18916268\A17825389\A17786860\A17838055\A17850805\	ICD10CM:E11.649	E11.649 Type 2 Diabetes Mellitus With Hypoglycemia Without Coma		24-MAY-21	24-MAY-21	24-MAY-21	ACT	20210401
45757363	45591031	Mapped from	Type 2 diabetes mellitus with hypoglycemia without coma	Condition	ICD10CM	6-char billing code		E11.649	ICD10CM:	\ACT\Diagnosis\ICD10\V2_2018AA\A20098492\A18921516\A18916268\A17825389\A17786860\A17838055\A17850805\	ICD10CM:E11.649	E11.649 Type 2 Diabetes Mellitus With Hypoglycemia Without Coma		24-MAY-21	24-MAY-21	24-MAY-21	ACT	20210401
201826	45605405	Mapped from	Type 2 diabetes mellitus with hyperglycemia	Condition	ICD10CM	5-char billing code		E11.65	ICD10CM:	\ACT\Diagnosis\ICD10\V2_2018AA\A20098492\A18921516\A18916268\A17825389\A17786860\A17812474\	ICD10CM:E11.65	E11.65 Type 2 Diabetes Mellitus With Hyperglycemia		24-MAY-21	24-MAY-21	24-MAY-21	ACT	20210401
37016349	45605405	Mapped from	Type 2 diabetes mellitus with hyperglycemia	Condition	ICD10CM	5-char billing code		E11.65	ICD10CM:	\ACT\Diagnosis\ICD10\V2_2018AA\A20098492\A18921516\A18916268\A17825389\A17786860\A17812474\	ICD10CM:E11.65	E11.65 Type 2 Diabetes Mellitus With Hyperglycemia		24-MAY-21	24-MAY-21	24-MAY-21	ACT	20210401
201826	45595799	Mapped from	Type 2 diabetes mellitus with other specified complication	Condition	ICD10CM	5-char billing code		E11.69	ICD10CM:	\ACT\Diagnosis\ICD10\V2_2018AA\A20098492\A18921516\A18916268\A17825389\A17786860\A17863457\	ICD10CM:E11.69	E11.69 Type 2 Diabetes Mellitus With Other Specified Complication		24-MAY-21	24-MAY-21	24-MAY-21	ACT	20210401
201826	35206881	Mapped from	Type 2 diabetes mellitus with unspecified complications	Condition	ICD10CM	4-char billing code		E11.8	ICD10CM:	\ACT\Diagnosis\ICD10\V2_2018AA\A20098492\A18921516\A18916268\A17825389\A17774086\	ICD10CM:E11.8	E11.8 Type 2 Diabetes Mellitus With Unspecified Complications		24-MAY-21	24-MAY-21	24-MAY-21	ACT	20210401
4193704	35206882	Mapped from	Type 2 diabetes mellitus without complications	Condition	ICD10CM	4-char billing code		E11.9	ICD10CM:	\ACT\Diagnosis\ICD10\V2_2018AA\A20098492\A18921516\A18916268\A17825389\A17850806\	ICD10CM:E11.9	E11.9 Type 2 Diabetes Mellitus Without Complications		24-MAY-21	24-MAY-21	24-MAY-21	ACT	20210401
443767	1567976	Mapped from	Other specified diabetes mellitus with ophthalmic complications	Condition	ICD10CM	4-char nonbill code		E13.3	ICD10CM:	\ACT\Diagnosis\ICD10\V2_2018AA\A20098492\A18921516\A18916268\A17812475\A17799626\	ICD10CM:E13.3	E13.3 Other Specified Diabetes Mellitus With Ophthalmic Complications		24-MAY-21	24-MAY-21	24-MAY-21	ACT	20210401
443767	45547635	Mapped from	Other specified diabetes mellitus with other diabetic ophthalmic complication	Condition	ICD10CM	5-char billing code		E13.39	ICD10CM:	\ACT\Diagnosis\ICD10\V2_2018AA\A20098492\A18921516\A18916268\A17812475\A17799626\A17850813\	ICD10CM:E13.39	E13.39 Other Specified Diabetes Mellitus With Other Diabetic Ophthalmic Complication		24-MAY-21	24-MAY-21	24-MAY-21	ACT	20210401
4063043	1571686	Mapped from	Pre-existing type 2 diabetes mellitus, in pregnancy, childbirth and the puerperium	Condition	ICD10CM	4-char nonbill code		O24.1	ICD10CM:	\ACT\Diagnosis\ICD10\V2_2018AA\A20098492\A20108497\A18924367\A17815568\A27154723\	ICD10CM:O24.1	O24.1 Pre-Existing Diabetes Mellitus, Type 2, In Pregnancy, Childbirth And The Puerperium		24-MAY-21	24-MAY-21	24-MAY-21	ACT	20210401
43531010	1571687	Mapped from	Pre-existing type 2 diabetes mellitus, in pregnancy	Condition	ICD10CM	5-char nonbill code		O24.11	ICD10CM:	\ACT\Diagnosis\ICD10\V2_2018AA\A20098492\A20108497\A18924367\A17815568\A27154723\A27155085\	ICD10CM:O24.11	O24.11 Pre-Existing Diabetes Mellitus, Type 2, In Pregnancy		24-MAY-21	24-MAY-21	24-MAY-21	ACT	20210401
43531010	45587292	Mapped from	Pre-existing type 2 diabetes mellitus, in pregnancy, first trimester	Condition	ICD10CM	6-char billing code		O24.111	ICD10CM:	\ACT\Diagnosis\ICD10\V2_2018AA\A20098492\A20108497\A18924367\A17815568\A27154723\A27155085\A27153960\	ICD10CM:O24.111	O24.111 Pre-Existing Diabetes Mellitus, Type 2, In Pregnancy, First Trimester		24-MAY-21	24-MAY-21	24-MAY-21	ACT	20210401
43531010	45582457	Mapped from	Pre-existing type 2 diabetes mellitus, in pregnancy, second trimester	Condition	ICD10CM	6-char billing code		O24.112	ICD10CM:	\ACT\Diagnosis\ICD10\V2_2018AA\A20098492\A20108497\A18924367\A17815568\A27154723\A27155085\A27152855\	ICD10CM:O24.112	O24.112 Pre-Existing Diabetes Mellitus, Type 2, In Pregnancy, Second Trimester		24-MAY-21	24-MAY-21	24-MAY-21	ACT	20210401
43531010	45567896	Mapped from	Pre-existing type 2 diabetes mellitus, in pregnancy, third trimester	Condition	ICD10CM	6-char billing code		O24.113	ICD10CM:	\ACT\Diagnosis\ICD10\V2_2018AA\A20098492\A20108497\A18924367\A17815568\A27154723\A27155085\A27150958\	ICD10CM:O24.113	O24.113 Pre-Existing Diabetes Mellitus, Type 2, In Pregnancy, Third Trimester		24-MAY-21	24-MAY-21	24-MAY-21	ACT	20210401
43531010	45606547	Mapped from	Pre-existing type 2 diabetes mellitus, in pregnancy, unspecified trimester	Condition	ICD10CM	6-char billing code		O24.119	ICD10CM:	\ACT\Diagnosis\ICD10\V2_2018AA\A20098492\A20108497\A18924367\A17815568\A27154723\A27155085\A27152053\	ICD10CM:O24.119	O24.119 Pre-Existing Diabetes Mellitus, Type 2, In Pregnancy, Unspecified Trimester		24-MAY-21	24-MAY-21	24-MAY-21	ACT	20210401
4063043	45582458	Mapped from	Pre-existing type 2 diabetes mellitus, in the puerperium	Condition	ICD10CM	5-char billing code		O24.13	ICD10CM:	\ACT\Diagnosis\ICD10\V2_2018AA\A20098492\A20108497\A18924367\A17815568\A27154723\A27154329\	ICD10CM:O24.13	O24.13 Pre-Existing Diabetes Mellitus, Type 2, In The Puerperium		24-MAY-21	24-MAY-21	24-MAY-21	ACT	20210401
443767	44828788	Mapped from	Secondary diabetes mellitus with ophthalmic manifestations	Condition	ICD9CM	4-dig nonbill code		249.5	ICD9CM:	\ACT\Diagnosis\ICD9\V2_2018AA\A18090800\A8359006\A8359307\A15573936\A15573945\A15574717\	ICD9CM:249.5	249.5 Secondary Diabetes Mellitus With Ophthalmic Manifestations		24-MAY-21	24-MAY-21	24-MAY-21	ACT	20210401
443767	44822932	Mapped from	Secondary diabetes mellitus with ophthalmic manifestations, not stated as uncontrolled, or unspecified	Condition	ICD9CM	5-dig billing code		249.50	ICD9CM:	\ACT\Diagnosis\ICD9\V2_2018AA\A18090800\A8359006\A8359307\A15573936\A15573945\A15574717\A15575122\	ICD9CM:249.50	249.50 Secondary Diabetes Mellitus With Ophthalmic Manifestations, Not Stated As Uncontrolled, Or Unspecified		24-MAY-21	24-MAY-21	24-MAY-21	ACT	20210401
443767	44836913	Mapped from	Secondary diabetes mellitus with ophthalmic manifestations, uncontrolled	Condition	ICD9CM	5-dig billing code		249.51	ICD9CM:	\ACT\Diagnosis\ICD9\V2_2018AA\A18090800\A8359006\A8359307\A15573936\A15573945\A15574717\A15575124\	ICD9CM:249.51	249.51 Secondary Diabetes Mellitus With Ophthalmic Manifestations, Uncontrolled		24-MAY-21	24-MAY-21	24-MAY-21	ACT	20210401
4193704	44836914	Mapped from	Diabetes mellitus without mention of complication, type II or unspecified type, not stated as uncontrolled	Condition	ICD9CM	5-dig billing code		250.00	ICD9CM:	\ACT\Diagnosis\ICD9\V2_2018AA\A18090800\A8359006\A8359307\A15573936\A8352361\A8340910\A20879301\	ICD9CM:250.00	250.00 Type II Diabetes Mellitus [Non-Insulin Dependent Type] [Niddm Type] [Adult-Onset Type] Or Unspecified Type, Not Stated As Uncontrolled, Without Mention Of Complication		24-MAY-21	24-MAY-21	24-MAY-21	ACT	20210401
201826	44829878	Mapped from	Diabetes with ketoacidosis, type II or unspecified type, not stated as uncontrolled	Condition	ICD9CM	5-dig billing code		250.10	ICD9CM:	\ACT\Diagnosis\ICD9\V2_2018AA\A18090800\A8359006\A8359307\A15573936\A8352361\A8340911\A20881265\	ICD9CM:250.10	250.10 Type II Diabetes Mellitus [Non-Insulin Dependent Type] [Niddm Type] [Adult-Onset Type] Or Unspecified Type, Not Stated As Uncontrolled, With Ketoacidosis		24-MAY-21	24-MAY-21	24-MAY-21	ACT	20210401
201826	44824072	Mapped from	Diabetes with ketoacidosis, type II or unspecified type, uncontrolled	Condition	ICD9CM	5-dig billing code		250.12	ICD9CM:	\ACT\Diagnosis\ICD9\V2_2018AA\A18090800\A8359006\A8359307\A15573936\A8352361\A8340911\A20879303\	ICD9CM:250.12	250.12 Type II Diabetes Mellitus [Non-Insulin Dependent Type] [Niddm Type] [Adult-Onset Type] Or Unspecified Type, Uncontrolled, With Ketoacidosis		24-MAY-21	24-MAY-21	24-MAY-21	ACT	20210401
40482801	44824072	Mapped from	Diabetes with ketoacidosis, type II or unspecified type, uncontrolled	Condition	ICD9CM	5-dig billing code		250.12	ICD9CM:	\ACT\Diagnosis\ICD9\V2_2018AA\A18090800\A8359006\A8359307\A15573936\A8352361\A8340911\A20879303\	ICD9CM:250.12	250.12 Type II Diabetes Mellitus [Non-Insulin Dependent Type] [Niddm Type] [Adult-Onset Type] Or Unspecified Type, Uncontrolled, With Ketoacidosis		24-MAY-21	24-MAY-21	24-MAY-21	ACT	20210401
443767	44828794	Mapped from	Diabetes with ophthalmic manifestations	Condition	ICD9CM	4-dig nonbill code		250.5	ICD9CM:	\ACT\Diagnosis\ICD9\V2_2018AA\A18090800\A8359006\A8359307\A15573936\A8352361\A8340914\	ICD9CM:250.5	250.5 Diabetes With Ophthalmic Manifestations		24-MAY-21	24-MAY-21	24-MAY-21	ACT	20210401
443767	44819500	Mapped from	Diabetes with ophthalmic manifestations, type II or unspecified type, not stated as uncontrolled	Condition	ICD9CM	5-dig billing code		250.50	ICD9CM:	\ACT\Diagnosis\ICD9\V2_2018AA\A18090800\A8359006\A8359307\A15573936\A8352361\A8340914\A20879311\	ICD9CM:250.50	250.50 Diabetes Mellitus Type II [Non-Insulin Dependent Type] [Niddm Type] [Adult-Onset Type] Or Unspecified Type, Not Stated As Uncontrolled, With Ophthalmic Manifestations		24-MAY-21	24-MAY-21	24-MAY-21	ACT	20210401
443767	44829879	Mapped from	Diabetes with ophthalmic manifestations, type II or unspecified type, uncontrolled	Condition	ICD9CM	5-dig billing code		250.52	ICD9CM:	\ACT\Diagnosis\ICD9\V2_2018AA\A18090800\A8359006\A8359307\A15573936\A8352361\A8340914\A20879312\	ICD9CM:250.52	250.52 Diabetes Mellitus Type II [Non-Insulin Dependent Type] [Niddm Type] [Adult-Onset Type] Or Unspecified Type, Uncontrolled, With Ophthalmic Manifestations		24-MAY-21	24-MAY-21	24-MAY-21	ACT	20210401
201826	44831047	Mapped from	Diabetes with other specified manifestations, type II or unspecified type, not stated as uncontrolled	Condition	ICD9CM	5-dig billing code		250.80	ICD9CM:	\ACT\Diagnosis\ICD9\V2_2018AA\A18090800\A8359006\A8359307\A15573936\A8352361\A8343926\A20883192\	ICD9CM:250.80	250.80 Diabetes Mellitus Type II [Non-Insulin Dependent Type] [Niddm Type] [Adult-Onset Type] Or Unspecified Type, Not Stated As Uncontrolled, With Other Specified Manifestations		24-MAY-21	24-MAY-21	24-MAY-21	ACT	20210401
443732	44831047	Mapped from	Diabetes with other specified manifestations, type II or unspecified type, not stated as uncontrolled	Condition	ICD9CM	5-dig billing code		250.80	ICD9CM:	\ACT\Diagnosis\ICD9\V2_2018AA\A18090800\A8359006\A8359307\A15573936\A8352361\A8343926\A20883192\	ICD9CM:250.80	250.80 Diabetes Mellitus Type II [Non-Insulin Dependent Type] [Niddm Type] [Adult-Onset Type] Or Unspecified Type, Not Stated As Uncontrolled, With Other Specified Manifestations		24-MAY-21	24-MAY-21	24-MAY-21	ACT	20210401
201826	44826461	Mapped from	Diabetes with other specified manifestations, type II or unspecified type, uncontrolled	Condition	ICD9CM	5-dig billing code		250.82	ICD9CM:	\ACT\Diagnosis\ICD9\V2_2018AA\A18090800\A8359006\A8359307\A15573936\A8352361\A8343926\A20884218\	ICD9CM:250.82	250.82 Diabetes Mellitus Type II [Non-Insulin Dependent Type] [Niddm Type] [Adult-Onset Type] Or Unspecified Type, Uncontrolled, With Other Specified Manifestations		24-MAY-21	24-MAY-21	24-MAY-21	ACT	20210401
40482801	44826461	Mapped from	Diabetes with other specified manifestations, type II or unspecified type, uncontrolled	Condition	ICD9CM	5-dig billing code		250.82	ICD9CM:	\ACT\Diagnosis\ICD9\V2_2018AA\A18090800\A8359006\A8359307\A15573936\A8352361\A8343926\A20884218\	ICD9CM:250.82	250.82 Diabetes Mellitus Type II [Non-Insulin Dependent Type] [Niddm Type] [Adult-Onset Type] Or Unspecified Type, Uncontrolled, With Other Specified Manifestations		24-MAY-21	24-MAY-21	24-MAY-21	ACT	20210401
443732	44826461	Mapped from	Diabetes with other specified manifestations, type II or unspecified type, uncontrolled	Condition	ICD9CM	5-dig billing code		250.82	ICD9CM:	\ACT\Diagnosis\ICD9\V2_2018AA\A18090800\A8359006\A8359307\A15573936\A8352361\A8343926\A20884218\	ICD9CM:250.82	250.82 Diabetes Mellitus Type II [Non-Insulin Dependent Type] [Niddm Type] [Adult-Onset Type] Or Unspecified Type, Uncontrolled, With Other Specified Manifestations		24-MAY-21	24-MAY-21	24-MAY-21	ACT	20210401
201826	44827617	Mapped from	Diabetes with unspecified complication, type II or unspecified type, not stated as uncontrolled	Condition	ICD9CM	5-dig billing code		250.90	ICD9CM:	\ACT\Diagnosis\ICD9\V2_2018AA\A18090800\A8359006\A8359307\A15573936\A8352361\A8343927\A20880287\	ICD9CM:250.90	250.90 Diabetes Mellitus Type II [Non-Insulin Dependent Type] [Niddm Type] [Adult-Onset Type] Or Unspecified Type, Not Stated As Uncontrolled, With Unspecified Complication		24-MAY-21	24-MAY-21	24-MAY-21	ACT	20210401
443732	44827617	Mapped from	Diabetes with unspecified complication, type II or unspecified type, not stated as uncontrolled	Condition	ICD9CM	5-dig billing code		250.90	ICD9CM:	\ACT\Diagnosis\ICD9\V2_2018AA\A18090800\A8359006\A8359307\A15573936\A8352361\A8343927\A20880287\	ICD9CM:250.90	250.90 Diabetes Mellitus Type II [Non-Insulin Dependent Type] [Niddm Type] [Adult-Onset Type] Or Unspecified Type, Not Stated As Uncontrolled, With Unspecified Complication		24-MAY-21	24-MAY-21	24-MAY-21	ACT	20210401
201826	44829882	Mapped from	Diabetes with unspecified complication, type II or unspecified type, uncontrolled	Condition	ICD9CM	5-dig billing code		250.92	ICD9CM:	\ACT\Diagnosis\ICD9\V2_2018AA\A18090800\A8359006\A8359307\A15573936\A8352361\A8343927\A20884219\	ICD9CM:250.92	250.92 Diabetes Mellitus Type II [Non-Insulin Dependent Type] [Niddm Type] [Adult-Onset Type] Or Unspecified Type, Uncontrolled, With Unspecified Complication		24-MAY-21	24-MAY-21	24-MAY-21	ACT	20210401
40482801	44829882	Mapped from	Diabetes with unspecified complication, type II or unspecified type, uncontrolled	Condition	ICD9CM	5-dig billing code		250.92	ICD9CM:	\ACT\Diagnosis\ICD9\V2_2018AA\A18090800\A8359006\A8359307\A15573936\A8352361\A8343927\A20884219\	ICD9CM:250.92	250.92 Diabetes Mellitus Type II [Non-Insulin Dependent Type] [Niddm Type] [Adult-Onset Type] Or Unspecified Type, Uncontrolled, With Unspecified Complication		24-MAY-21	24-MAY-21	24-MAY-21	ACT	20210401
443732	44829882	Mapped from	Diabetes with unspecified complication, type II or unspecified type, uncontrolled	Condition	ICD9CM	5-dig billing code		250.92	ICD9CM:	\ACT\Diagnosis\ICD9\V2_2018AA\A18090800\A8359006\A8359307\A15573936\A8352361\A8343927\A20884219\	ICD9CM:250.92	250.92 Diabetes Mellitus Type II [Non-Insulin Dependent Type] [Niddm Type] [Adult-Onset Type] Or Unspecified Type, Uncontrolled, With Unspecified Complication		24-MAY-21	24-MAY-21	24-MAY-21	ACT	20210401
3037110	3037110	Mapped from	Fasting glucose [Mass/volume] in Serum or Plasma	Measurement	LOINC	Lab Test	S	1558-6	LOINC:	\ACT\Labs\LP40271-6\LP19403-2\LP42107-0\1558-6\	LOINC:1558-6	Fasting Glucose in Serum or Plasma (1558-6)		24-MAY-21	24-MAY-21	24-MAY-21	ACT	20210401
3037110	3037110	Mapped from	Fasting glucose [Mass/volume] in Serum or Plasma	Measurement	LOINC	Lab Test	S	1558-6	LOINC:	\ACT\Lab\LOINC\V2_2018AA\A6321000\A23478825\A28298479\A18321480\A18361972\A18322025\A18178008\	LOINC:1558-6	Glucose^post CFst:MCnc:Pt:Ser/Plas:Qn		24-MAY-21	24-MAY-21	24-MAY-21	ACT	20210401
3037110	3037110	Mapped from	Fasting glucose [Mass/volume] in Serum or Plasma	Measurement	LOINC	Lab Test	S	1558-6	LOINC:	\ACT\Lab\LOINC\V2_2018AA\A6321000\A23478825\A28298479\A18246097\A18166720\A18322025\A18178008\	LOINC:1558-6	Glucose^post CFst:MCnc:Pt:Ser/Plas:Qn		24-MAY-21	24-MAY-21	24-MAY-21	ACT	20210401
3037110	3037110	Mapped from	Fasting glucose [Mass/volume] in Serum or Plasma	Measurement	LOINC	Lab Test	S	1558-6	LOINC:	\ACT\Lab\LOINC\V2_2018AA\A6321000\A23478825\A28298479\A18205985\A18323267\A18322025\A18178008\	LOINC:1558-6	Glucose^post CFst:MCnc:Pt:Ser/Plas:Qn		24-MAY-21	24-MAY-21	24-MAY-21	ACT	20210401
3037110	3037110	Mapped from	Fasting glucose [Mass/volume] in Serum or Plasma	Measurement	LOINC	Lab Test	S	1558-6	LOINC:	\ACT\Lab\LOINC\V2_2018AA\A6321000\A23478825\A28298479\A18205694\A18361972\A18322025\A18178008\	LOINC:1558-6	Glucose^post CFst:MCnc:Pt:Ser/Plas:Qn		24-MAY-21	24-MAY-21	24-MAY-21	ACT	20210401
3007263	3007263	Mapped from	Hemoglobin A1c/Hemoglobin.total in Blood by calculation	Measurement	LOINC	Lab Test	S	17855-8	LOINC:	\ACT\Labs\LP31756-7\LP30786-5\LP100945-7\17855-8\	LOINC:17855-8	Hemoglobin A1c in Blood by calculation (17855-8)		24-MAY-21	24-MAY-21	24-MAY-21	ACT	20210401
3007263	3007263	Mapped from	Hemoglobin A1c/Hemoglobin.total in Blood by calculation	Measurement	LOINC	Lab Test	S	17855-8	LOINC:	\ACT\Lab\LOINC\V2_2018AA\A6321000\A23478825\A28298479\A18399529\A18283406\A18206263\A18206256\A18322106\A18283407\A22744850\A18809027\	LOINC:17855-8	Hemoglobin A1c/Hemoglobin.total:MFr:Pt:Bld:Qn:Calculated		24-MAY-21	24-MAY-21	24-MAY-21	ACT	20210401
3005673	3005673	Mapped from	Hemoglobin A1c/Hemoglobin.total in Blood by HPLC	Measurement	LOINC	Lab Test	S	17856-6	LOINC:	\ACT\Labs\LP31756-7\LP30786-5\LP100945-7\17856-6\	LOINC:17856-6	Hemoglobin A1c in Blood by HPLC (17856-6)		24-MAY-21	24-MAY-21	24-MAY-21	ACT	20210401
3005673	3005673	Mapped from	Hemoglobin A1c/Hemoglobin.total in Blood by HPLC	Measurement	LOINC	Lab Test	S	17856-6	LOINC:	\ACT\Lab\LOINC\V2_2018AA\A6321000\A23478825\A28298479\A18399529\A18283406\A18206263\A18206256\A18322106\A18283407\A22744850\A18831189\	LOINC:17856-6	Hemoglobin A1c/Hemoglobin.total:MFr:Pt:Bld:Qn:HPLC		24-MAY-21	24-MAY-21	24-MAY-21	ACT	20210401
3000483	3000483	Mapped from	Glucose [Mass/volume] in Blood	Measurement	LOINC	Lab Test	S	2339-0	LOINC:	\ACT\Labs\LP40271-6\LP19403-2\LP42107-0\2339-0\	LOINC:2339-0	Glucose in Blood (2339-0)		24-MAY-21	24-MAY-21	24-MAY-21	ACT	20210401
3000483	3000483	Mapped from	Glucose [Mass/volume] in Blood	Measurement	LOINC	Lab Test	S	2339-0	LOINC:	\ACT\Lab\LOINC\V2_2018AA\A6321000\A23478825\A28298479\A18205694\A18361972\A18322025\A22783773\A18182361\	LOINC:2339-0	Glucose:MCnc:Pt:Bld:Qn		24-MAY-21	24-MAY-21	24-MAY-21	ACT	20210401
3000483	3000483	Mapped from	Glucose [Mass/volume] in Blood	Measurement	LOINC	Lab Test	S	2339-0	LOINC:	\ACT\Lab\LOINC\V2_2018AA\A6321000\A23478825\A28298479\A18246097\A18166720\A18322025\A22783773\A18182361\	LOINC:2339-0	Glucose:MCnc:Pt:Bld:Qn		24-MAY-21	24-MAY-21	24-MAY-21	ACT	20210401
3000483	3000483	Mapped from	Glucose [Mass/volume] in Blood	Measurement	LOINC	Lab Test	S	2339-0	LOINC:	\ACT\Lab\LOINC\V2_2018AA\A6321000\A23478825\A28298479\A18205985\A18323267\A18322025\A22783773\A18182361\	LOINC:2339-0	Glucose:MCnc:Pt:Bld:Qn		24-MAY-21	24-MAY-21	24-MAY-21	ACT	20210401
3000483	3000483	Mapped from	Glucose [Mass/volume] in Blood	Measurement	LOINC	Lab Test	S	2339-0	LOINC:	\ACT\Lab\LOINC\V2_2018AA\A6321000\A23478825\A28298479\A18321480\A18361972\A18322025\A22783773\A18182361\	LOINC:2339-0	Glucose:MCnc:Pt:Bld:Qn		24-MAY-21	24-MAY-21	24-MAY-21	ACT	20210401
3004501	3004501	Mapped from	Glucose [Mass/volume] in Serum or Plasma	Measurement	LOINC	Lab Test	S	2345-7	LOINC:	\ACT\Labs\LP40271-6\LP19403-2\LP42107-0\2345-7\	LOINC:2345-7	Glucose in Serum or Plasma (2345-7)		24-MAY-21	24-MAY-21	24-MAY-21	ACT	20210401
3004501	3004501	Mapped from	Glucose [Mass/volume] in Serum or Plasma	Measurement	LOINC	Lab Test	S	2345-7	LOINC:	\ACT\Lab\LOINC\V2_2018AA\A6321000\A23478825\A28298479\A18321480\A18361972\A18322025\A22783773\A18105516\	LOINC:2345-7	Glucose:MCnc:Pt:Ser/Plas:Qn		24-MAY-21	24-MAY-21	24-MAY-21	ACT	20210401
3004501	3004501	Mapped from	Glucose [Mass/volume] in Serum or Plasma	Measurement	LOINC	Lab Test	S	2345-7	LOINC:	\ACT\Lab\LOINC\V2_2018AA\A6321000\A23478825\A28298479\A18246097\A18166720\A18322025\A22783773\A18105516\	LOINC:2345-7	Glucose:MCnc:Pt:Ser/Plas:Qn		24-MAY-21	24-MAY-21	24-MAY-21	ACT	20210401
3004501	3004501	Mapped from	Glucose [Mass/volume] in Serum or Plasma	Measurement	LOINC	Lab Test	S	2345-7	LOINC:	\ACT\Lab\LOINC\V2_2018AA\A6321000\A23478825\A28298479\A18205985\A18323267\A18322025\A22783773\A18105516\	LOINC:2345-7	Glucose:MCnc:Pt:Ser/Plas:Qn		24-MAY-21	24-MAY-21	24-MAY-21	ACT	20210401
3004501	3004501	Mapped from	Glucose [Mass/volume] in Serum or Plasma	Measurement	LOINC	Lab Test	S	2345-7	LOINC:	\ACT\Lab\LOINC\V2_2018AA\A6321000\A23478825\A28298479\A18205694\A18361972\A18322025\A22783773\A18105516\	LOINC:2345-7	Glucose:MCnc:Pt:Ser/Plas:Qn		24-MAY-21	24-MAY-21	24-MAY-21	ACT	20210401
3004410	3004410	Mapped from	Hemoglobin A1c/Hemoglobin.total in Blood	Measurement	LOINC	Lab Test	S	4548-4	LOINC:	\ACT\Labs\LP31756-7\LP30786-5\LP100945-7\4548-4\	LOINC:4548-4	Hemoglobin A1c in Blood (4548-4)		24-MAY-21	24-MAY-21	24-MAY-21	ACT	20210401
3004410	3004410	Mapped from	Hemoglobin A1c/Hemoglobin.total in Blood	Measurement	LOINC	Lab Test	S	4548-4	LOINC:	\ACT\Lab\LOINC\V2_2018AA\A6321000\A23478825\A28298479\A18399529\A18283406\A18206263\A18206256\A18322106\A18283407\A22744850\A18869063\	LOINC:4548-4	Hemoglobin A1c/Hemoglobin.total:MFr:Pt:Bld:Qn		24-MAY-21	24-MAY-21	24-MAY-21	ACT	20210401
3003309	3003309	Mapped from	Hemoglobin A1c/Hemoglobin.total in Blood by Electrophoresis	Measurement	LOINC	Lab Test	S	4549-2	LOINC:	\ACT\Labs\LP31756-7\LP30786-5\LP100945-7\4549-2\	LOINC:4549-2	Hemoglobin A1c/Hemoglobin.total:MFr:Pt:Bld:Qn:Electrophoresis (4549-2)		24-MAY-21	24-MAY-21	24-MAY-21	ACT	20210401
3003309	3003309	Mapped from	Hemoglobin A1c/Hemoglobin.total in Blood by Electrophoresis	Measurement	LOINC	Lab Test	S	4549-2	LOINC:	\ACT\Lab\LOINC\V2_2018AA\A6321000\A23478825\A28298479\A18399529\A18283406\A18206263\A18206256\A18322106\A18283407\A22744850\A18869064\	LOINC:4549-2	Hemoglobin A1c/Hemoglobin.total:MFr:Pt:Bld:Qn:Electrophoresis		24-MAY-21	24-MAY-21	24-MAY-21	ACT	20210401
3004501	3009540	Mapped from	Deprecated Glucose [Mass/volume] in Serum or Plasma	Measurement	LOINC	Lab Test		6777-7	LOINC:	\ACT\Lab\LOINC\V2_2018AA\A6321000\A23478825\A28298479\A28297684\A18125669\	LOINC:6777-7	Deprecated Glucose [Mass/volume] in Serum or Plasma		24-MAY-21	24-MAY-21	24-MAY-21	ACT	20210401
1502809	1502809	Mapped from	tolazamide	Drug	RxNorm	Ingredient	S	10633	RXNORM:	\ACT\Medications\MedicationsByAlpha\V2_12112018\RxNormUMLSRxNav\TPreparations\10633\	RXNORM:10633	Tolazamide (10633)		24-MAY-21	24-MAY-21	24-MAY-21	ACT	20210401
1502809	1502809	Mapped from	tolazamide	Drug	RxNorm	Ingredient	S	10633	RXNORM:	\ACT\Medications\MedicationsByVaClass\V2_09302018\VA000\HS000\HS500\HS502\10633\	RXNORM:10633	Tolazamide (10633)		24-MAY-21	24-MAY-21	24-MAY-21	ACT	20210401
1529331	1529331	Mapped from	acarbose	Drug	RxNorm	Ingredient	S	16681	RXNORM:	\ACT\Medications\MedicationsByVaClass\V2_09302018\VA000\HS000\HS500\HS502\16681\	RXNORM:16681	Acarbose (16681)		24-MAY-21	24-MAY-21	24-MAY-21	ACT	20210401
1529331	1529331	Mapped from	acarbose	Drug	RxNorm	Ingredient	S	16681	RXNORM:	\ACT\Medications\MedicationsByAlpha\V2_12112018\RxNormUMLSRxNav\APreparations\16681\	RXNORM:16681	Acarbose (16681)		24-MAY-21	24-MAY-21	24-MAY-21	ACT	20210401
1530014	1530014	Mapped from	acetohexamide	Drug	RxNorm	Ingredient	S	173	RXNORM:	\ACT\Medications\MedicationsByAlpha\V2_12112018\RxNormUMLSRxNav\APreparations\173\	RXNORM:173	Acetohexamide (173)		24-MAY-21	24-MAY-21	24-MAY-21	ACT	20210401
1594973	1594973	Mapped from	chlorpropamide	Drug	RxNorm	Ingredient	S	2404	RXNORM:	\ACT\Medications\MedicationsByVaClass\V2_09302018\VA000\HS000\HS500\HS502\2404\	RXNORM:2404	Chlorpropamide (2404)		24-MAY-21	24-MAY-21	24-MAY-21	ACT	20210401
1594973	1594973	Mapped from	chlorpropamide	Drug	RxNorm	Ingredient	S	2404	RXNORM:	\ACT\Medications\MedicationsByAlpha\V2_12112018\RxNormUMLSRxNav\CPreparations\2404\	RXNORM:2404	Chlorpropamide (2404)		24-MAY-21	24-MAY-21	24-MAY-21	ACT	20210401
1597756	1597756	Mapped from	glimepiride	Drug	RxNorm	Ingredient	S	25789	RXNORM:	\ACT\Medications\MedicationsByVaClass\V2_09302018\VA000\HS000\HS500\HS502\25789\	RXNORM:25789	Glimepiride (25789)		24-MAY-21	24-MAY-21	24-MAY-21	ACT	20210401
1597756	1597756	Mapped from	glimepiride	Drug	RxNorm	Ingredient	S	25789	RXNORM:	\ACT\Medications\MedicationsByAlpha\V2_12112018\RxNormUMLSRxNav\GPreparations\25789\	RXNORM:25789	Glimepiride (25789)		24-MAY-21	24-MAY-21	24-MAY-21	ACT	20210401
1502826	1502826	Mapped from	nateglinide	Drug	RxNorm	Ingredient	S	274332	RXNORM:	\ACT\Medications\MedicationsByAlpha\V2_12112018\RxNormUMLSRxNav\NPreparations\274332\	RXNORM:274332	Nateglinide (274332)		24-MAY-21	24-MAY-21	24-MAY-21	ACT	20210401
1502826	1502826	Mapped from	nateglinide	Drug	RxNorm	Ingredient	S	274332	RXNORM:	\ACT\Medications\MedicationsByVaClass\V2_09302018\VA000\HS000\HS500\HS502\274332\	RXNORM:274332	Nateglinide (274332)		24-MAY-21	24-MAY-21	24-MAY-21	ACT	20210401
1510202	1510202	Mapped from	miglitol	Drug	RxNorm	Ingredient	S	30009	RXNORM:	\ACT\Medications\MedicationsByVaClass\V2_09302018\VA000\HS000\HS500\HS502\30009\	RXNORM:30009	Miglitol (30009)		24-MAY-21	24-MAY-21	24-MAY-21	ACT	20210401
1510202	1510202	Mapped from	miglitol	Drug	RxNorm	Ingredient	S	30009	RXNORM:	\ACT\Medications\MedicationsByAlpha\V2_12112018\RxNormUMLSRxNav\MPreparations\30009\	RXNORM:30009	Miglitol (30009)		24-MAY-21	24-MAY-21	24-MAY-21	ACT	20210401
1525215	1525215	Mapped from	pioglitazone	Drug	RxNorm	Ingredient	S	33738	RXNORM:	\ACT\Medications\MedicationsByVaClass\V2_09302018\VA000\HS000\HS500\HS502\33738\	RXNORM:33738	Pioglitazone (33738)		24-MAY-21	24-MAY-21	24-MAY-21	ACT	20210401
1525215	1525215	Mapped from	pioglitazone	Drug	RxNorm	Ingredient	S	33738	RXNORM:	\ACT\Medications\MedicationsByAlpha\V2_12112018\RxNormUMLSRxNav\PPreparations\33738\	RXNORM:33738	Pioglitazone (33738)		24-MAY-21	24-MAY-21	24-MAY-21	ACT	20210401
1559684	1559684	Mapped from	glyburide	Drug	RxNorm	Ingredient	S	4815	RXNORM:	\ACT\Medications\MedicationsByAlpha\V2_12112018\RxNormUMLSRxNav\GPreparations\4815\	RXNORM:4815	Glyburide (4815)		24-MAY-21	24-MAY-21	24-MAY-21	ACT	20210401
1559684	1559684	Mapped from	glyburide	Drug	RxNorm	Ingredient	S	4815	RXNORM:	\ACT\Medications\MedicationsByVaClass\V2_09302018\VA000\HS000\HS500\HS502\4815\	RXNORM:4815	Glyburide (4815)		24-MAY-21	24-MAY-21	24-MAY-21	ACT	20210401
1560171	1560171	Mapped from	glipizide	Drug	RxNorm	Ingredient	S	4821	RXNORM:	\ACT\Medications\MedicationsByAlpha\V2_12112018\RxNormUMLSRxNav\GPreparations\4821\	RXNORM:4821	Glipizide (4821)		24-MAY-21	24-MAY-21	24-MAY-21	ACT	20210401
1560171	1560171	Mapped from	glipizide	Drug	RxNorm	Ingredient	S	4821	RXNORM:	\ACT\Medications\MedicationsByVaClass\V2_09302018\VA000\HS000\HS500\HS502\4821\	RXNORM:4821	Glipizide (4821)		24-MAY-21	24-MAY-21	24-MAY-21	ACT	20210401
1580747	1580747	Mapped from	sitagliptin	Drug	RxNorm	Ingredient	S	593411	RXNORM:	\ACT\Medications\MedicationsByVaClass\V2_09302018\VA000\HS000\HS500\HS502\593411\	RXNORM:593411	Sitagliptin (593411)		24-MAY-21	24-MAY-21	24-MAY-21	ACT	20210401
1580747	1580747	Mapped from	sitagliptin	Drug	RxNorm	Ingredient	S	593411	RXNORM:	\ACT\Medications\MedicationsByAlpha\V2_12112018\RxNormUMLSRxNav\SPreparations\593411\	RXNORM:593411	Sitagliptin (593411)		24-MAY-21	24-MAY-21	24-MAY-21	ACT	20210401
1583722	1583722	Mapped from	exenatide	Drug	RxNorm	Ingredient	S	60548	RXNORM:	\ACT\Medications\MedicationsByAlpha\V2_12112018\RxNormUMLSRxNav\EPreparations\60548\	RXNORM:60548	Exenatide (60548)		24-MAY-21	24-MAY-21	24-MAY-21	ACT	20210401
1503297	1503297	Mapped from	metformin	Drug	RxNorm	Ingredient	S	6809	RXNORM:	\ACT\Medications\MedicationsByVaClass\V2_09302018\VA000\HS000\HS500\HS502\6809\	RXNORM:6809	Metformin (6809)		24-MAY-21	24-MAY-21	24-MAY-21	ACT	20210401
1503297	1503297	Mapped from	metformin	Drug	RxNorm	Ingredient	S	6809	RXNORM:	\ACT\Medications\MedicationsByAlpha\V2_12112018\RxNormUMLSRxNav\MPreparations\6809\	RXNORM:6809	Metformin (6809)		24-MAY-21	24-MAY-21	24-MAY-21	ACT	20210401
1515249	1515249	Mapped from	troglitazone	Drug	RxNorm	Ingredient	S	72610	RXNORM:	\ACT\Medications\MedicationsByAlpha\V2_12112018\RxNormUMLSRxNav\TPreparations\72610\	RXNORM:72610	Troglitazone (72610)		24-MAY-21	24-MAY-21	24-MAY-21	ACT	20210401
1516766	1516766	Mapped from	repaglinide	Drug	RxNorm	Ingredient	S	73044	RXNORM:	\ACT\Medications\MedicationsByVaClass\V2_09302018\VA000\HS000\HS500\HS502\73044\	RXNORM:73044	Repaglinide (73044)		24-MAY-21	24-MAY-21	24-MAY-21	ACT	20210401
1516766	1516766	Mapped from	repaglinide	Drug	RxNorm	Ingredient	S	73044	RXNORM:	\ACT\Medications\MedicationsByAlpha\V2_12112018\RxNormUMLSRxNav\RPreparations\73044\	RXNORM:73044	Repaglinide (73044)		24-MAY-21	24-MAY-21	24-MAY-21	ACT	20210401
1547504	1547504	Mapped from	rosiglitazone	Drug	RxNorm	Ingredient	S	84108	RXNORM:	\ACT\Medications\MedicationsByVaClass\V2_09302018\VA000\HS000\HS500\HS502\84108\	RXNORM:84108	Rosiglitazone (84108)		24-MAY-21	24-MAY-21	24-MAY-21	ACT	20210401
1547504	1547504	Mapped from	rosiglitazone	Drug	RxNorm	Ingredient	S	84108	RXNORM:	\ACT\Medications\MedicationsByAlpha\V2_12112018\RxNormUMLSRxNav\RPreparations\84108\	RXNORM:84108	Rosiglitazone (84108)		24-MAY-21	24-MAY-21	24-MAY-21	ACT	20210401
